"","ref.p_val","ref.avg_log2FC","ref.pct.1","ref.pct.2","ref.p_val_adj","gene"
"Gad2",0,-2.43218863483267,0.025,0.937,0,"Gad2"
"Slc17a6",0,1.35278937536084,0.687,0.017,0,"Slc17a6"
"Cacna2d1",0,1.04471609934667,0.593,0.013,0,"Cacna2d1"
"Gad1",0,-2.66390481364152,0.015,0.95,0,"Gad1"
"Slc32a1",0,-1.61951478974008,0.013,0.774,0,"Slc32a1"
"Nrn1",0,1.91751549857561,0.837,0.013,0,"Nrn1"
"Shox2",3.02513669099657e-290,1.14869874738357,0.521,0.022,4.56220864369193e-286,"Shox2"
"Fxyd7",1.52732446828911e-249,1.18513677912803,0.726,0.202,2.30335803062681e-245,"Fxyd7"
"Lmo1",4.33153853485004e-229,-1.5599460179502,0.135,0.673,6.53239326440735e-225,"Lmo1"
"Slc6a1",5.89980753868363e-222,-1.27048985857882,0.348,0.82,8.89749974908878e-218,"Slc6a1"
"Lhx1os",5.2619570353939e-215,-0.98488266604559,0.035,0.576,7.93555740507754e-211,"Lhx1os"
"Rpp25",1.57106544847846e-214,-0.995696614970974,0.04,0.575,2.36932380285036e-210,"Rpp25"
"Otx2",8.97036861419208e-196,-0.981695689288738,0.012,0.509,1.35282129070631e-191,"Otx2"
"Calb1",5.9039134325932e-192,0.945874939704263,0.37,0.017,8.90369184769381e-188,"Calb1"
"Fam19a1",3.44019605694575e-191,0.932454850205076,0.506,0.084,5.18815967347989e-187,"Fam19a1"
"Rtn1",9.47448756572391e-173,1.00310283978427,0.975,0.78,1.42884746978682e-168,"Rtn1"
"Tmem163",2.2996596802402e-172,0.596322649414924,0.385,0.034,3.46811676377024e-168,"Tmem163"
"Asic4",2.97988380809722e-169,-0.774651121082496,0.005,0.447,4.49396277099142e-165,"Asic4"
"Ebf1",1.53500779904569e-164,0.861023267012528,0.42,0.054,2.31494526174081e-160,"Ebf1"
"Syt4",5.99511017747917e-163,0.89039079683415,0.755,0.284,9.04122565865633e-159,"Syt4"
"Barhl1",1.81031366723117e-155,0.542176386469223,0.268,0,2.73013404155133e-151,"Barhl1"
"Nptx2",1.65874191889181e-152,0.545652073781703,0.324,0.022,2.50154868788074e-148,"Nptx2"
"RP23-407N2.2",1.21537712282834e-147,0.836179903096908,0.784,0.401,1.83291023893742e-143,"RP23-407N2.2"
"Cdhr1",3.22962715631941e-140,-1.01539967651867,0.007,0.391,4.87060071444531e-136,"Cdhr1"
"Lhx9",1.35038269538409e-138,0.421977926023993,0.25,0.003,2.03651214290874e-134,"Lhx9"
"Gda",4.96640647266273e-133,1.0123511930156,0.268,0.012,7.48983760142266e-129,"Gda"
"Tmsb10",4.99766069469053e-133,1.08889898723695,0.976,0.876,7.53697209366278e-129,"Tmsb10"
"Lmo3",1.41014106875185e-130,0.753301027471752,0.449,0.109,2.12663374578467e-126,"Lmo3"
"Lhx2",1.13934574945752e-128,0.39262122968929,0.246,0.007,1.71824732475688e-124,"Lhx2"
"Pou4f1",4.03622516661577e-127,0.441831840832626,0.231,0.003,6.08703117377324e-123,"Pou4f1"
"Gata3",1.52648154730931e-122,-0.58133280934826,0.004,0.347,2.30208682149718e-118,"Gata3"
"Nrgn",3.69721594412679e-117,1.11810948384338,0.542,0.208,5.5757713653376e-113,"Nrgn"
"Rit2",8.63528850236136e-116,0.663175365663691,0.644,0.263,1.30228785904112e-111,"Rit2"
"Necab1",1.42390681935913e-113,0.603775954614061,0.285,0.033,2.1473938742755e-109,"Necab1"
"Tal1",5.73746633491375e-113,-0.496187353786317,0.002,0.322,8.65267297968343e-109,"Tal1"
"Ppp3ca",1.21081195690358e-112,0.893943958295581,0.894,0.731,1.82602551220629e-108,"Ppp3ca"
"Sepw1",1.36601285491755e-111,1.03031871788326,0.992,0.98,2.06008398650115e-107,"Sepw1"
"Sox14",5.16293025581379e-111,-0.550591213075322,0.003,0.319,7.78621511879278e-107,"Sox14"
"Rmst",6.77980365394998e-111,0.55930306285802,0.433,0.114,1.0224621890522e-106,"Rmst"
"Tpd52l1",1.00341261180992e-110,1.0296144176222,0.392,0.095,1.51324655987055e-106,"Tpd52l1"
"Cplx3",8.85363663637278e-107,-0.710210625339344,0.001,0.306,1.33521694113138e-102,"Cplx3"
"Scn2a1",6.39057569398424e-103,0.735282091264256,0.786,0.503,9.63762720409763e-99,"Scn2a1"
"Cabp7",1.85926124808146e-102,0.649003835887306,0.375,0.091,2.80395188823165e-98,"Cabp7"
"Gfra1",3.04935799937449e-101,0.527441867198976,0.274,0.037,4.59873679885667e-97,"Gfra1"
"Nrxn3",8.13651377458574e-101,-0.712230981473782,0.437,0.774,1.22706764234528e-96,"Nrxn3"
"Gng13",2.29564598997218e-100,0.626492667631007,0.61,0.253,3.46206371747704e-96,"Gng13"
"Sncg",1.62345046489515e-99,0.74119049844493,0.206,0.01,2.44832564610838e-95,"Sncg"
"Nell2",1.64832809428462e-98,0.703486026089961,0.433,0.139,2.48584359899063e-94,"Nell2"
"Nek7",9.57907321833366e-98,0.361363322933546,0.224,0.018,1.4446200320569e-93,"Nek7"
"Nrxn1",1.6112746642284e-97,0.716667843562542,0.852,0.629,2.42996332112286e-93,"Nrxn1"
"Rps19",4.22933541734391e-97,0.717605654728784,0.959,0.965,6.37826074289635e-93,"Rps19"
"Epha5",3.29857253721461e-96,0.726998697333328,0.687,0.368,4.97457724337335e-92,"Epha5"
"Pcbp3",2.59824863809803e-94,-0.793966229580251,0.186,0.502,3.91841877111564e-90,"Pcbp3"
"Npnt",1.82765351224926e-93,1.01183784621432,0.289,0.052,2.75628426182312e-89,"Npnt"
"Cxcl14",1.4317861355146e-92,-1.52577977275698,0.117,0.424,2.15927667096957e-88,"Cxcl14"
"Gria2",7.36787153104079e-91,0.795410138468864,0.95,0.871,1.11114870559626e-86,"Gria2"
"Gm27199",1.06534989954039e-90,-0.410982435462924,0.005,0.273,1.60665418349686e-86,"Gm27199"
"Rasgrp1",1.12856920030685e-90,0.420671032837865,0.24,0.03,1.70199521098276e-86,"Rasgrp1"
"Nptx1",1.55830985587744e-90,0.614732321037901,0.459,0.164,2.35008709364877e-86,"Nptx1"
"B3gat1",3.43396200581299e-90,0.594394790780236,0.463,0.173,5.17875810096657e-86,"B3gat1"
"Synpr",8.23557302807616e-90,-0.784997968473599,0.088,0.397,1.24200676836417e-85,"Synpr"
"Fgf13",1.50043203999478e-89,0.498890942569692,0.382,0.109,2.26280155951612e-85,"Fgf13"
"App",5.06217239778756e-88,0.660982395202925,0.887,0.68,7.63426219310342e-84,"App"
"Kitl",6.12081417250338e-86,0.338297482159007,0.184,0.01,9.23079985355235e-82,"Kitl"
"Bcl11b",1.90567760396126e-84,0.467701136930679,0.275,0.053,2.87395239453397e-80,"Bcl11b"
"Nrsn1",2.19698986649216e-84,-0.765872974521326,0.734,0.894,3.31328041765682e-80,"Nrsn1"
"Vat1l",9.28676185805939e-84,0.484322536506864,0.514,0.194,1.40053655581394e-79,"Vat1l"
"Tmem108",3.29456314128905e-82,-0.719621948835068,0.257,0.564,4.96853067337802e-78,"Tmem108"
"Arhgdig",3.82812432956593e-82,0.581746994331506,0.602,0.286,5.77319430141837e-78,"Arhgdig"
"Adcyap1",6.67725617574079e-82,0.288576369609429,0.158,0.004,1.00699700386347e-77,"Adcyap1"
"Dkk3",1.83161067286942e-80,0.378065331061319,0.227,0.031,2.76225205575437e-76,"Dkk3"
"Ptpre",1.35178593748776e-79,0.408629483864018,0.352,0.099,2.03862837232529e-75,"Ptpre"
"Cartpt",4.47494889238436e-79,1.54035742790723,0.229,0.036,6.74867042460485e-75,"Cartpt"
"Gap43",1.2452794626905e-78,0.656583290489632,0.914,0.661,1.87800595768355e-74,"Gap43"
"Fth1",3.77484437625953e-78,0.629657435777833,0.992,0.991,5.69284280383699e-74,"Fth1"
"Rab3c",1.65124895438578e-77,-0.668709005926377,0.46,0.736,2.4902485481092e-73,"Rab3c"
"S100a10",4.62437311629704e-76,0.361273133239199,0.158,0.007,6.97401709668756e-72,"S100a10"
"Lgi1",2.18021646101709e-74,0.392011968042504,0.32,0.088,3.28798444485987e-70,"Lgi1"
"C1ql2",5.93185593177304e-74,-0.821353481765221,0.041,0.296,8.94583193070693e-70,"C1ql2"
"Ebf2",2.38040614918483e-73,0.231210826283586,0.144,0.004,3.58989051358564e-69,"Ebf2"
"Ntng1",1.34041666568374e-72,0.512966582878344,0.562,0.262,2.02148237351764e-68,"Ntng1"
"Mgll",9.41489321499643e-72,0.754676237390422,0.399,0.16,1.41986004575361e-67,"Mgll"
"Syt1",1.35414586296449e-71,-0.713417248853716,0.805,0.907,2.04218737593675e-67,"Syt1"
"Rpl3",1.6936275360416e-71,0.579481163015449,0.968,0.988,2.55415968710433e-67,"Rpl3"
"Rpl23a",2.15371336347826e-71,0.572225698848748,0.964,0.953,3.24801512346156e-67,"Rpl23a"
"Cbln2",3.52620600198355e-71,0.754333038570959,0.251,0.053,5.3178712715914e-67,"Cbln2"
"Car10",1.0003053542082e-70,0.511319791505945,0.434,0.169,1.50856050468139e-66,"Car10"
"Ebf3",2.40940523435485e-69,0.393824327698428,0.254,0.055,3.63362403393054e-65,"Ebf3"
"Tnnt1",1.07725023508904e-68,-0.61240050293654,0.009,0.226,1.62460107953778e-64,"Tnnt1"
"Rbfox1",2.99866226631843e-68,0.599195132297755,0.659,0.399,4.52228256383483e-64,"Rbfox1"
"Lhx1",3.58647593858483e-68,-0.345391242920123,0.006,0.218,5.40876436297978e-64,"Lhx1"
"Igsf21",5.56586270319008e-68,-0.469488407627642,0.091,0.349,8.39387754268096e-64,"Igsf21"
"Reln",1.10495133283408e-67,-0.648603765457119,0.097,0.357,1.66637710504707e-63,"Reln"
"Thy1",9.03630439980199e-67,0.615159746104258,0.922,0.786,1.36276506653414e-62,"Thy1"
"Rpl36a",3.46203866295023e-66,0.572962304745603,0.899,0.822,5.22110050759524e-62,"Rpl36a"
"Tmem158",3.32841068670578e-65,0.406993504049219,0.304,0.089,5.01957615662099e-61,"Tmem158"
"Igf1",3.892484672296e-65,-0.386364038237287,0.03,0.255,5.87025613428959e-61,"Igf1"
"Golga7b",3.98803566025557e-65,0.43285475884364,0.527,0.262,6.01435657923142e-61,"Golga7b"
"C1ql3",1.4733962088953e-64,-0.550626953674742,0.034,0.258,2.222028822635e-60,"C1ql3"
"Pou4f2",4.84119192445668e-64,0.30429666484895,0.12,0.002,7.30100154127312e-60,"Pou4f2"
"Camk2b",1.65565687424416e-62,0.561062035891179,0.815,0.639,2.49689613204761e-58,"Camk2b"
"Timp2",1.99920080751897e-62,0.543655786369349,0.77,0.568,3.01499473781936e-58,"Timp2"
"Egfl7",2.17584842893771e-62,0.315126794900372,0.296,0.087,3.28139701568095e-58,"Egfl7"
"Ngb",5.34318437631428e-62,0.348186021829196,0.177,0.024,8.05805635791957e-58,"Ngb"
"Rps23",4.06379411216688e-61,0.544021887035917,0.952,0.944,6.12860790055887e-57,"Rps23"
"Hmgn1",1.10772245197285e-60,-0.62519374031856,0.462,0.685,1.67055622982025e-56,"Hmgn1"
"D430041D05Rik",1.76272948608498e-60,0.348203989173969,0.312,0.099,2.65837233796475e-56,"D430041D05Rik"
"Gabbr1",2.45447677171931e-60,0.558937536979889,0.891,0.77,3.70159641942989e-56,"Gabbr1"
"Ube2ql1",2.78775203511169e-60,0.415782930335709,0.517,0.24,4.20420884415194e-56,"Ube2ql1"
"Cbarp",2.89744634455516e-60,0.541809258646316,0.881,0.74,4.36963883222364e-56,"Cbarp"
"Faim2",7.25444894092222e-60,0.543765158640488,0.897,0.759,1.09404344478048e-55,"Faim2"
"Scn3a",1.19820058669096e-59,0.626753969097689,0.441,0.207,1.80700630478863e-55,"Scn3a"
"Rps8",1.62755460113172e-59,0.556845008666151,0.95,0.937,2.45451509396674e-55,"Rps8"
"Gabrr2",2.61817055328132e-59,-0.429116105531038,0.002,0.184,3.94846301140356e-55,"Gabrr2"
"Rps27a",6.9864162909563e-59,0.530637390856424,0.951,0.959,1.05362144083912e-54,"Rps27a"
"Ahi1",7.52065508904559e-59,0.774628832174815,0.856,0.739,1.13418999397897e-54,"Ahi1"
"Gabrb1",1.01400872738641e-58,0.474911057796686,0.483,0.243,1.52922656177144e-54,"Gabrb1"
"Chrna3",9.75518033736274e-58,-0.310255874999031,0.005,0.187,1.47117874667768e-53,"Chrna3"
"Meis2",1.65443051743716e-57,-0.487144728698934,0.207,0.499,2.49504666334698e-53,"Meis2"
"Kcnd3",2.01170051073167e-57,0.690268576118436,0.316,0.113,3.03384554023443e-53,"Kcnd3"
"Socs2",2.58775240578756e-57,0.24505656902643,0.166,0.023,3.90258940316822e-53,"Socs2"
"Rps3a1",2.82303424132545e-57,0.530296469673771,0.941,0.913,4.2574179393429e-53,"Rps3a1"
"Adgrb1",3.09926326610713e-57,-0.632925430438073,0.445,0.652,4.67399893161616e-53,"Adgrb1"
"Rpl17",1.80256233792118e-56,0.533406524289212,0.946,0.942,2.71844426181893e-52,"Rpl17"
"Pnoc",2.38194363082648e-56,-0.384773397285486,0.026,0.223,3.59220918964942e-52,"Pnoc"
"Ncdn",3.01959264555116e-56,0.63483022467322,0.844,0.699,4.55384766875571e-52,"Ncdn"
"Ank2",3.37517407137046e-56,0.4947968568688,0.789,0.572,5.09010001703378e-52,"Ank2"
"2310009B15Rik",4.67641695099404e-56,0.42573390304972,0.454,0.223,7.0525044037941e-52,"2310009B15Rik"
"Atp8a1",7.60309734705765e-56,0.431403668084589,0.434,0.206,1.14662311090976e-51,"Atp8a1"
"Rpl37",8.33760824071287e-56,0.560774981633722,0.972,0.968,1.25739469878191e-51,"Rpl37"
"Rnf152",8.61873820984475e-56,-0.477311486248117,0.209,0.46,1.29979190942669e-51,"Rnf152"
"Cdk17",8.92473050322793e-56,0.326091884852609,0.28,0.087,1.3459386071918e-51,"Cdk17"
"Cntn1",9.22974734603714e-56,0.429959470419443,0.691,0.425,1.39193819725586e-51,"Cntn1"
"Pdzrn4",1.32020544147079e-55,0.267844024314236,0.221,0.052,1.9910018262821e-51,"Pdzrn4"
"mt-Nd1",3.29351259578808e-55,0.512195457085445,0.998,1,4.96694634570801e-51,"mt-Nd1"
"Pla2g5",1.46133022096407e-54,-0.289692936445166,0.004,0.176,2.20383210623591e-50,"Pla2g5"
"Dynll1",4.47334458285326e-54,0.550659341447157,0.898,0.797,6.74625096540101e-50,"Dynll1"
"Pls3",6.66087728394984e-54,0.339340004930274,0.272,0.084,1.00452690319248e-49,"Pls3"
"Chrna6",3.88418039935333e-53,-0.340673465527946,0.005,0.174,5.85773246026476e-49,"Chrna6"
"Runx1t1",4.09547398249872e-53,0.421543815805131,0.423,0.199,6.17638431300632e-49,"Runx1t1"
"Camkv",1.09110766725758e-52,0.434827862092292,0.46,0.228,1.64549947299116e-48,"Camkv"
"Pdgfa",1.15360856143013e-52,0.417899329158137,0.521,0.286,1.73975707149278e-48,"Pdgfa"
"Tmtc1",1.30085981966342e-52,0.366406005325451,0.28,0.093,1.9618266940344e-48,"Tmtc1"
"Ppp3r1",3.17333076867937e-52,0.559213014079458,0.758,0.583,4.78570013224536e-48,"Ppp3r1"
"Rps5",3.56174618835693e-52,0.495955970874679,0.934,0.916,5.37146942666108e-48,"Rps5"
"Lypd6",6.99313098258235e-52,-0.446865925517062,0.102,0.324,1.05463408348324e-47,"Lypd6"
"Tenm2",7.1725115755753e-52,0.504543485037969,0.6,0.366,1.08168647071251e-47,"Tenm2"
"Lynx1",8.67936024750246e-52,0.450537923192466,0.712,0.452,1.30893431892585e-47,"Lynx1"
"Miat",9.92277449332811e-52,0.388558673457156,0.45,0.219,1.49645362133881e-47,"Miat"
"Pax7",1.19004226243081e-51,-0.303850465778561,0.001,0.161,1.79470273597191e-47,"Pax7"
"Nnat",1.34996895850446e-51,-0.726080663642823,0.155,0.386,2.03588818632057e-47,"Nnat"
"Kcna2",1.97623433603738e-51,0.474611867241116,0.689,0.448,2.98035900217797e-47,"Kcna2"
"Rps15a",2.1587237098847e-51,0.521705337709121,0.894,0.843,3.25557122687712e-47,"Rps15a"
"Ctxn1",5.24389144825096e-51,0.501094561843064,0.319,0.125,7.90831269310727e-47,"Ctxn1"
"Lhx5",6.73791801422144e-51,-0.244136404383716,0.008,0.174,1.01614541572474e-46,"Lhx5"
"Rps27",6.75750837854982e-51,0.544922238738635,0.957,0.958,1.0190998385691e-46,"Rps27"
"Ttc3",9.91596108198124e-51,0.461233704995557,0.982,0.968,1.49542609077359e-46,"Ttc3"
"Nrtn",5.79564421857214e-50,-0.321901709829296,0.04,0.23,8.74041104602864e-46,"Nrtn"
"Rpl32",7.21594592173435e-50,0.512318801740486,0.956,0.945,1.08823680445676e-45,"Rpl32"
"Cdh7",7.1532525385902e-49,0.242627486429195,0.191,0.043,1.07878201534479e-44,"Cdh7"
"Rplp1",8.65923663464558e-49,0.516376598348086,0.961,0.941,1.3058994768709e-44,"Rplp1"
"Pnmal2",1.50004900084834e-48,0.492674195842293,0.848,0.735,2.26222389817938e-44,"Pnmal2"
"Rps16",1.67688487328929e-48,0.486245254495349,0.921,0.894,2.52891007740758e-44,"Rps16"
"Rpl11",1.68446475768513e-48,0.462414737627824,0.957,0.949,2.54034130106494e-44,"Rpl11"
"Stmn2",2.05254850685512e-48,0.527542271267557,0.882,0.799,3.09544840318821e-44,"Stmn2"
"Scn1b",3.17559618869982e-48,0.438806665422236,0.724,0.486,4.7891166121782e-44,"Scn1b"
"Rpl13",4.32829993014068e-48,0.420704132114123,0.971,0.979,6.52750912464516e-44,"Rpl13"
"Camk4",6.18647831346662e-48,0.404455836232512,0.452,0.227,9.32982794453901e-44,"Camk4"
"Slc30a3",7.46202058782063e-48,-0.312817742084416,0.003,0.155,1.12534732484923e-43,"Slc30a3"
"Hopx",1.03862176345607e-47,-0.484374789494102,0.064,0.257,1.5663454814681e-43,"Hopx"
"Nrbp2",3.1751348342914e-47,0.40433054713212,0.353,0.156,4.78842084359486e-43,"Nrbp2"
"Vamp1",3.78153670012343e-47,0.388798565797755,0.486,0.24,5.70293549745615e-43,"Vamp1"
"Ypel3",7.37456731045729e-47,0.486038387245407,0.958,0.954,1.11215849609006e-42,"Ypel3"
"Camta1",1.01737743436023e-46,0.457371765221545,0.87,0.739,1.53430690875867e-42,"Camta1"
"Camk2n1",1.99272402149416e-46,0.635661288095028,0.8,0.679,3.00522709681534e-42,"Camk2n1"
"Cck",2.02818997640751e-46,0.657842054707948,0.213,0.058,3.05871330342016e-42,"Cck"
"Syndig1l",2.05169360047359e-46,-0.328167868184614,0.047,0.23,3.09415911887423e-42,"Syndig1l"
"Mmp17",3.3269285678699e-46,0.251873429715265,0.226,0.065,5.01734097320459e-42,"Mmp17"
"mt-Cytb",4.1699846886671e-46,0.436998064603469,0.994,0.995,6.28875390897885e-42,"mt-Cytb"
"Pcsk1n",7.01209798619774e-46,0.417294079235254,0.988,0.981,1.05749449729848e-41,"Pcsk1n"
"A230065H16Rik",9.17747089572357e-46,0.283712633374628,0.154,0.028,1.38405438578407e-41,"A230065H16Rik"
"Camk2a",1.76492926498903e-45,0.494344469761742,0.461,0.255,2.66168982452996e-41,"Camk2a"
"Hpca",5.98662546540935e-45,0.453744283868247,0.534,0.324,9.02842986438384e-41,"Hpca"
"Fam19a5",8.34642089642267e-45,0.36921040687583,0.487,0.262,1.2587237353895e-40,"Fam19a5"
"mt-Nd4",9.20512556304025e-45,0.421119527484556,0.994,0.992,1.3882249861621e-40,"mt-Nd4"
"Gabra5",9.71902535869022e-45,0.261400329447266,0.211,0.06,1.46572621434407e-40,"Gabra5"
"Rpl14",1.5249489453293e-44,0.474136989320637,0.949,0.958,2.29977550445112e-40,"Rpl14"
"Gabrb3",1.87984596317768e-44,0.472645319474703,0.58,0.379,2.83499569706826e-40,"Gabrb3"
"Ets2",2.49168643540806e-44,0.276874910549137,0.272,0.098,3.7577123132389e-40,"Ets2"
"Fstl5",3.48458870865504e-44,0.250415729558656,0.231,0.071,5.25510823152267e-40,"Fstl5"
"Chst1",5.87737474744921e-44,0.353435907677119,0.467,0.253,8.86366885662816e-40,"Chst1"
"Marcksl1",6.66701148108338e-44,-0.728626217313195,0.534,0.68,1.00545200146218e-39,"Marcksl1"
"Rpl24",9.16163934561467e-44,0.428689695953702,0.956,0.946,1.38166682971215e-39,"Rpl24"
"Gabra4",9.45537259185439e-44,0.273325843468066,0.186,0.047,1.42596474057756e-39,"Gabra4"
"Rpl9",1.07121004754439e-43,0.441438123862093,0.964,0.983,1.6154918727017e-39,"Rpl9"
"Ar",1.56618396510275e-43,0.241585899403919,0.224,0.068,2.36196203777146e-39,"Ar"
"Pex5l",2.76757170722902e-43,0.32906831635628,0.223,0.07,4.17377489167208e-39,"Pex5l"
"Ptprz1",3.31119577387641e-43,0.225434751066625,0.182,0.044,4.99361434658301e-39,"Ptprz1"
"Cdh13",4.43076618742639e-43,0.49562322873578,0.429,0.227,6.68203848725773e-39,"Cdh13"
"Rps21",9.74686102386673e-42,0.494476379588207,0.89,0.824,1.46992411100934e-37,"Rps21"
"Ywhah",1.00151577236737e-41,0.454041373579464,0.914,0.871,1.51038593630723e-37,"Ywhah"
"Myt1l",1.03811089116769e-41,0.452281028919566,0.611,0.415,1.56557503496999e-37,"Myt1l"
"Parm1",1.16133346058906e-41,-0.425772444014942,0.179,0.391,1.75140699191437e-37,"Parm1"
"Bdnf",1.24046214170756e-41,0.279542614123841,0.206,0.061,1.87074095590918e-37,"Bdnf"
"Chrnb3",1.91601373833931e-41,-0.354658654679394,0.008,0.146,2.88954031878951e-37,"Chrnb3"
"Zmat4",2.16815308451035e-41,-0.368296593702764,0.185,0.404,3.26979166675007e-37,"Zmat4"
"Rps11",3.10804882020386e-41,0.436827258581923,0.946,0.937,4.68724842574944e-37,"Rps11"
"Adgrb2",3.94382339042775e-41,0.375945607685307,0.458,0.258,5.94768005510409e-37,"Adgrb2"
"Scrn1",5.6961902187086e-41,0.335928603914253,0.532,0.306,8.59042446883444e-37,"Scrn1"
"Arpc5l",9.09372393106065e-41,0.420722159760185,0.749,0.594,1.37142450604326e-36,"Arpc5l"
"Sez6",1.60006750655587e-40,0.40755085683657,0.331,0.151,2.41306180663691e-36,"Sez6"
"Fkbp1a",1.93962566212738e-40,0.443644104032287,0.882,0.81,2.9251494610543e-36,"Fkbp1a"
"Rps4x",2.57159536143914e-40,0.470050901225567,0.914,0.891,3.87822296458637e-36,"Rps4x"
"Fibcd1",3.26475493527488e-40,-0.35299913346665,0.045,0.209,4.92357691788805e-36,"Fibcd1"
"Kcnc2",3.38554082707345e-40,0.471432947062945,0.413,0.221,5.10573412130946e-36,"Kcnc2"
"Cbln4",3.53359119040807e-40,-0.436992146346533,0.057,0.222,5.32900887425441e-36,"Cbln4"
"Pbx1",3.70141110509748e-40,0.507848309851888,0.67,0.505,5.58209808759751e-36,"Pbx1"
"Pdzd2",7.01254964150131e-40,-0.455138282132127,0.161,0.357,1.05756261143481e-35,"Pdzd2"
"Bend6",9.34135451219591e-40,0.44741026216024,0.691,0.505,1.40876967398427e-35,"Bend6"
"Igsf3",1.58438698243939e-39,-0.49306008987923,0.273,0.464,2.38941400821684e-35,"Igsf3"
"Pole4",5.45034773881591e-39,0.343734880697436,0.445,0.247,8.21966942490828e-35,"Pole4"
"Rpl41",7.83316695301557e-39,0.465183460107923,0.981,0.994,1.18131990818428e-34,"Rpl41"
"Car11",9.91460488084505e-39,0.40253489312132,0.573,0.383,1.49522156208024e-34,"Car11"
"Rps7",1.17301647791524e-38,0.447090601393177,0.946,0.94,1.76902615034397e-34,"Rps7"
"Kif5c",2.21558757231283e-38,0.378214290679905,0.726,0.539,3.34132761780498e-34,"Kif5c"
"Sema6a",3.11066545464397e-38,0.336310999622459,0.34,0.162,4.69119457214857e-34,"Sema6a"
"Eif4a2",3.3265382196708e-38,0.492974939559167,0.927,0.894,5.01675228908553e-34,"Eif4a2"
"Uncx",3.75856060110909e-38,-0.211273621015354,0.011,0.142,5.66828524253262e-34,"Uncx"
"Map1a",4.31163465275738e-38,0.332831605385195,0.627,0.411,6.5023762198234e-34,"Map1a"
"Rpl19",5.40547062939703e-38,0.42609083609174,0.921,0.914,8.15199025619366e-34,"Rpl19"
"Zfpm2",1.04803890239316e-37,-0.2010134101619,0.019,0.158,1.58054746869912e-33,"Zfpm2"
"Prkar1b",1.36341187564253e-37,0.434973281963038,0.801,0.674,2.0561614496565e-33,"Prkar1b"
"Tuba4a",1.39077526357995e-37,0.375729601035725,0.627,0.428,2.09742817500492e-33,"Tuba4a"
"Rps15",2.805393075428e-37,0.425999342329523,0.907,0.878,4.23081329705297e-33,"Rps15"
"Resp18",3.99878079728185e-37,0.440258729165335,0.627,0.425,6.03056132038075e-33,"Resp18"
"Tuba1b",6.2847666234277e-37,0.425991605654044,0.829,0.695,9.47805654479131e-33,"Tuba1b"
"Adam11",6.878953373066e-37,0.28272725514354,0.381,0.19,1.03741495819208e-32,"Adam11"
"Foxp2",6.94695543174627e-37,-0.353237883743515,0.161,0.366,1.04767034866166e-32,"Foxp2"
"Vwc2",7.18704803164917e-37,0.245628037132666,0.221,0.076,1.08387871365301e-32,"Vwc2"
"Syt11",1.72029486659374e-36,0.387087000182883,0.929,0.852,2.59437668831003e-32,"Syt11"
"Asic2",1.77723910975813e-36,0.255015931410066,0.275,0.112,2.68025430142624e-32,"Asic2"
"Rps14",2.31308724104801e-36,0.369767169225921,0.965,0.98,3.48836686822451e-32,"Rps14"
"Vsnl1",2.66125539185704e-36,0.457812398023298,0.848,0.753,4.01343925645961e-32,"Vsnl1"
"Rims3",2.6893279409898e-36,0.346061996862875,0.452,0.264,4.05577546780672e-32,"Rims3"
"Nacc2",3.00726902018977e-36,0.347397117996678,0.482,0.282,4.5352624093482e-32,"Nacc2"
"Tmem130",3.19629751809081e-36,0.444430702024083,0.799,0.642,4.82033628703274e-32,"Tmem130"
"Rps3",3.58633220328103e-36,0.403898232916104,0.926,0.902,5.40854759576812e-32,"Rps3"
"Nkd2",4.31634268812886e-36,-0.242039463548136,0.025,0.162,6.50947640796713e-32,"Nkd2"
"Snca",4.98410364942503e-36,0.553177949277006,0.583,0.397,7.51652671369789e-32,"Snca"
"Sorl1",5.38320029395513e-36,0.398385766401104,0.469,0.27,8.11840436331374e-32,"Sorl1"
"Cx3cl1",5.42394492517843e-36,0.406972014630726,0.711,0.538,8.17985134166159e-32,"Cx3cl1"
"Disp2",5.46124078225649e-36,0.41818195360659,0.82,0.661,8.23609722372101e-32,"Disp2"
"Matk",1.18330799018675e-35,0.353139997412239,0.631,0.443,1.78454678000063e-31,"Matk"
"Clstn3",1.21964547263233e-35,0.330936195942358,0.693,0.488,1.83934733727682e-31,"Clstn3"
"Mt3",1.25614583709011e-35,0.499086753044028,0.826,0.705,1.8943935369156e-31,"Mt3"
"Eef1g",2.5399572170916e-35,0.446071173170596,0.901,0.861,3.83050947909585e-31,"Eef1g"
"Tspan7",2.95211504398148e-35,0.388607239249288,0.881,0.77,4.45208469782847e-31,"Tspan7"
"Fau",5.03173948306626e-35,0.39870194191573,0.939,0.951,7.58836631441222e-31,"Fau"
"Rasgef1a",5.10332688711077e-35,0.290267209154499,0.419,0.227,7.69632727845175e-31,"Rasgef1a"
"Nap1l5",6.03005304890194e-35,0.451072867032311,0.971,0.961,9.09392300304902e-31,"Nap1l5"
"Rpl8",6.0744101593162e-35,0.403071543829248,0.936,0.938,9.16081796126476e-31,"Rpl8"
"mt-Nd2",8.62089732497715e-35,0.374885720267508,0.971,0.956,1.3001175255798e-30,"mt-Nd2"
"Gnas",8.73409087933581e-35,0.35532633373628,0.977,0.953,1.31718824551263e-30,"Gnas"
"Fut9",9.48929296366106e-35,0.351506925015203,0.555,0.348,1.43108027184972e-30,"Fut9"
"Ttc28",1.01120049073948e-34,0.261654570086616,0.192,0.063,1.52499146008421e-30,"Ttc28"
"Rpl23",1.14612316904478e-34,0.382932707521608,0.95,0.944,1.72846835123643e-30,"Rpl23"
"Pcp4l1",1.2056749003057e-34,-0.411836200084161,0.348,0.544,1.81827831715102e-30,"Pcp4l1"
"Ncoa7",2.50923748973679e-34,0.358240653940188,0.519,0.333,3.78418105827205e-30,"Ncoa7"
"Dpp6",2.71069163225686e-34,0.420752469234776,0.626,0.449,4.08799405060657e-30,"Dpp6"
"Slc2a13",3.55949590118439e-34,0.245493769249528,0.235,0.091,5.36807576857617e-30,"Slc2a13"
"Grm1",3.70794908144655e-34,0.387190322627389,0.379,0.206,5.59195800972954e-30,"Grm1"
"Rpl4",3.95980647943598e-34,0.416401312348307,0.918,0.898,5.9717841516374e-30,"Rpl4"
"Rpl10",4.99718100075872e-34,0.40678423314357,0.905,0.883,7.53624866724422e-30,"Rpl10"
"Rps24",2.1520837171477e-33,0.385707575919367,0.924,0.92,3.24555745383044e-29,"Rps24"
"Mal2",2.78291309411313e-33,0.24764029064212,0.246,0.099,4.19691123723201e-29,"Mal2"
"A730017C20Rik",3.66884109935932e-33,0.366214043632331,0.382,0.212,5.53297926194379e-29,"A730017C20Rik"
"Rgs10",3.72076096053397e-33,0.38068943311728,0.528,0.336,5.61127960458128e-29,"Rgs10"
"Kcnab1",4.91811613002709e-33,0.252829615339611,0.184,0.059,7.41701093569385e-29,"Kcnab1"
"Pcdh8",4.9366007934573e-33,0.30137582464056,0.256,0.11,7.44488765661296e-29,"Pcdh8"
"Cd83",5.61780359083002e-33,0.398357205840714,0.369,0.206,8.47220959533075e-29,"Cd83"
"Rps25",6.59465789945618e-33,0.434651779144904,0.901,0.881,9.94540357816987e-29,"Rps25"
"Ephb1",6.90520267461808e-33,0.296277741516844,0.357,0.186,1.04137361535915e-28,"Ephb1"
"Dbndd2",1.2862194870133e-32,0.314732906998602,0.42,0.244,1.93974760836476e-28,"Dbndd2"
"Apbb1",1.47188482880042e-32,0.308798577119097,0.521,0.332,2.21974951031392e-28,"Apbb1"
"Dpp10",1.84111745576547e-32,0.257607510539451,0.327,0.158,2.77658923503991e-28,"Dpp10"
"Gabra2",2.19996373209236e-32,0.454334139018396,0.555,0.394,3.31776530436849e-28,"Gabra2"
"Adcy2",2.25360932513612e-32,0.287379191710415,0.31,0.149,3.39866822323778e-28,"Adcy2"
"Gria1",2.39478453632928e-32,-0.363058564607099,0.399,0.598,3.61157455923819e-28,"Gria1"
"H3f3b",3.06648116347528e-32,-0.399883605942034,0.908,0.944,4.62456024263706e-28,"H3f3b"
"Adgrb3",3.28878715669615e-32,0.307719981421567,0.371,0.199,4.95981991101347e-28,"Adgrb3"
"Calm1",3.85611765892352e-32,0.538504861367502,0.981,0.984,5.81541104142255e-28,"Calm1"
"Efhd2",4.11765867484565e-32,0.398891463821706,0.419,0.245,6.20984104753473e-28,"Efhd2"
"Tmem191c",4.19664957882468e-32,0.371452304861834,0.772,0.652,6.32896722982551e-28,"Tmem191c"
"Serp2",4.6758935276977e-32,0.407871915849487,0.874,0.829,7.05171502912091e-28,"Serp2"
"Eef1a1",4.70737889768675e-32,0.451394427566523,0.946,0.944,7.09919811560139e-28,"Eef1a1"
"Lmo4",5.08181595742721e-32,-0.927149050766624,0.299,0.447,7.66388664539597e-28,"Lmo4"
"Ablim2",9.03126431278409e-32,0.269947569545721,0.325,0.164,1.36200497101097e-27,"Ablim2"
"Scn8a",9.68662595329427e-32,0.334423994340921,0.594,0.404,1.46084006001631e-27,"Scn8a"
"1110008P14Rik",1.06231479581388e-31,0.373503348851998,0.696,0.533,1.60207694356691e-27,"1110008P14Rik"
"Rps26",1.10559573569264e-31,0.408241960289843,0.879,0.829,1.66734892899806e-27,"Rps26"
"Sptb",1.77236478481221e-31,0.270185739580221,0.297,0.14,2.6729033319753e-27,"Sptb"
"Camk2n2",2.15287074502352e-31,0.344569589119595,0.614,0.433,3.24674437056997e-27,"Camk2n2"
"H2afv",4.01634449453181e-31,-0.390264021822788,0.413,0.576,6.05704913220342e-27,"H2afv"
"Ap1ar",4.04719496620227e-31,0.311011697931456,0.436,0.263,6.10357472852965e-27,"Ap1ar"
"Pak1",6.04314823080543e-31,0.488491614360151,0.662,0.516,9.11367184687767e-27,"Pak1"
"Crip2",6.95614682569164e-31,0.262685492412305,0.208,0.079,1.04905650278256e-26,"Crip2"
"Naca",7.75234659772681e-31,0.401203879315705,0.892,0.863,1.16913139040318e-26,"Naca"
"Gas7",9.83846745908667e-31,0.294626974326269,0.272,0.126,1.48373927750486e-26,"Gas7"
"Rpl6",1.05891766022738e-30,0.401258331763752,0.93,0.913,1.59695372338892e-26,"Rpl6"
"Ckmt1",1.21465230850391e-30,0.289537541552932,0.533,0.341,1.83181714645475e-26,"Ckmt1"
"Npm1",1.37160711859334e-30,0.358247255866217,0.712,0.568,2.06852069555062e-26,"Npm1"
"Dst",1.41367183226502e-30,0.357818528323007,0.707,0.542,2.13195849023888e-26,"Dst"
"Whrn",1.62229235295482e-30,-0.207336304871245,0.047,0.182,2.44657909749117e-26,"Whrn"
"Ybx1",1.93043360383068e-30,-0.411326136045644,0.303,0.473,2.91128691793705e-26,"Ybx1"
"Tmsb4x",1.97977083591318e-30,0.365428683992221,0.966,0.971,2.98569239764067e-26,"Tmsb4x"
"Ogfod1",2.05176100355924e-30,0.292172693617147,0.435,0.254,3.09426076946768e-26,"Ogfod1"
"Rsrc1",2.20090689933854e-30,0.283120134564919,0.339,0.179,3.31918769489245e-26,"Rsrc1"
"Fabp5",2.87547446108003e-30,-0.428466223344712,0.331,0.504,4.33650303475479e-26,"Fabp5"
"Nyap2",4.07490634140222e-30,-0.288236874923958,0.1,0.254,6.14536625346869e-26,"Nyap2"
"Arhgdia",4.75209363436795e-30,0.31630251883398,0.49,0.314,7.1666324099903e-26,"Arhgdia"
"Mbnl2",9.90672626155807e-30,0.333185039610116,0.562,0.385,1.49403338750557e-25,"Mbnl2"
"Serpine2",1.26635259054549e-29,0.343164971939221,0.24,0.104,1.90978634180166e-25,"Serpine2"
"Rpl13a",1.50258555827081e-29,0.385312018489089,0.963,0.985,2.26604928042821e-25,"Rpl13a"
"2900055J20Rik",1.88703684286529e-29,0.412033330931693,0.462,0.301,2.84584026272514e-25,"2900055J20Rik"
"Uchl1",2.02593362124367e-29,0.37725578948703,0.758,0.631,3.05531049419758e-25,"Uchl1"
"Tspan5",2.4761699170473e-29,-0.567788239503777,0.443,0.572,3.73431185189904e-25,"Tspan5"
"Agtpbp1",2.50091918166065e-29,0.278548511910209,0.423,0.247,3.77163621786242e-25,"Agtpbp1"
"Tac1",2.78036109368433e-29,0.961588895868867,0.438,0.292,4.19306256538534e-25,"Tac1"
"Rpl12",4.20847715026408e-29,0.337145435470546,0.722,0.586,6.34680439031326e-25,"Rpl12"
"Cdkl5",5.10661507270564e-29,-0.37458894136163,0.222,0.386,7.70128619114738e-25,"Cdkl5"
"Lmo2",5.36469693437107e-29,-0.206567536592385,0.047,0.177,8.09049944672502e-25,"Lmo2"
"Scn1a",6.80662340784684e-29,0.319056402609176,0.567,0.381,1.02650687613738e-24,"Scn1a"
"Cabp1",7.32102563985074e-29,-0.269245096823714,0.121,0.28,1.10408387674589e-24,"Cabp1"
"Zmat2",1.05482831146576e-28,0.333335204517075,0.555,0.395,1.59078657652152e-24,"Zmat2"
"Tmem14a",1.07903056149307e-28,0.233415826891456,0.296,0.147,1.6272859897877e-24,"Tmem14a"
"Trim37",1.14108837288858e-28,0.342689298580277,0.651,0.499,1.72087537515326e-24,"Trim37"
"Syne1",1.44802313165465e-28,0.323998222004049,0.52,0.348,2.18376368484838e-24,"Syne1"
"Smap2",1.48240042644889e-28,0.24803269690612,0.38,0.208,2.23560808312758e-24,"Smap2"
"Cpne4",1.78372506668643e-28,0.220763387505197,0.168,0.056,2.6900357730698e-24,"Cpne4"
"Calm3",1.89524488064573e-28,0.36579053747167,0.951,0.932,2.85821880450182e-24,"Calm3"
"Snx3",2.12660501792964e-28,0.360406314752708,0.718,0.588,3.2071330275397e-24,"Snx3"
"Sept8",2.12816691627193e-28,0.274636841593352,0.434,0.268,3.20948852642969e-24,"Sept8"
"Rpl38",2.13824376123282e-28,0.418259572693489,0.892,0.863,3.22468541631522e-24,"Rpl38"
"Rpl37a",2.5489821623444e-28,0.39514393641155,0.949,0.954,3.84411999903159e-24,"Rpl37a"
"Ftl1",3.17500240692095e-28,-0.391325929750586,0.905,0.948,4.78822112987748e-24,"Ftl1"
"Jakmip1",3.42024441376706e-28,0.263832109397083,0.341,0.186,5.1580706004021e-24,"Jakmip1"
"Tenm4",3.62299819032827e-28,0.281117647539571,0.429,0.256,5.46384357083407e-24,"Tenm4"
"Klc2",3.63799155040277e-28,0.329223368391787,0.536,0.367,5.48645505716242e-24,"Klc2"
"Hcn1",4.48812103804981e-28,0.488585683045806,0.289,0.149,6.76853533748292e-24,"Hcn1"
"Kcnq2",5.41416814530471e-28,0.30581987898197,0.52,0.345,8.16510697993403e-24,"Kcnq2"
"L1cam",7.90011103903008e-28,0.278441340021692,0.394,0.227,1.19141574579613e-23,"L1cam"
"Adam22",8.3699661086792e-28,0.30609469476527,0.5,0.331,1.26227458884991e-23,"Adam22"
"Rpl7",8.76832584609679e-28,0.350368080322986,0.821,0.745,1.32235122084986e-23,"Rpl7"
"Igfbp5",8.98619207813948e-28,0.213073117047502,0.166,0.056,1.35520762730422e-23,"Igfbp5"
"Slc35f1",1.00691040102391e-27,0.234461409387041,0.279,0.135,1.51852157578417e-23,"Slc35f1"
"Rasgrf2",1.44262212881798e-27,0.454568307025885,0.392,0.242,2.1756184324704e-23,"Rasgrf2"
"Adcy8",1.46869395359635e-27,-0.237162604025402,0.074,0.21,2.21493735141866e-23,"Adcy8"
"Grin1",1.97465443241675e-27,0.333502259397281,0.602,0.433,2.9779763495277e-23,"Grin1"
"Nos1ap",2.16551686757021e-27,-0.339103950365599,0.187,0.343,3.26581598798263e-23,"Nos1ap"
"Pfdn5",2.27599439421085e-27,0.363860927728355,0.877,0.858,3.43242714590938e-23,"Pfdn5"
"Rpl21",2.60916471007017e-27,0.3933704471183,0.801,0.731,3.93488129925682e-23,"Rpl21"
"Pea15a",2.77418113508864e-27,-0.307513696651257,0.608,0.754,4.18374256982717e-23,"Pea15a"
"Efr3b",2.83814609960975e-27,0.275809165681421,0.428,0.262,4.28020813282146e-23,"Efr3b"
"Frmd5",3.37914306923117e-27,-0.249408105793517,0.092,0.233,5.09608566270753e-23,"Frmd5"
"Basp1",3.40378275673683e-27,0.431571342287683,0.81,0.726,5.13324477543481e-23,"Basp1"
"Cbx6",4.98770503644284e-27,0.390034578392956,0.866,0.791,7.52195796545945e-23,"Cbx6"
"Mapt",5.33359977748223e-27,0.345230825855933,0.756,0.604,8.04360182442095e-23,"Mapt"
"Arpp19",6.71271212318579e-27,0.301044819541758,0.497,0.338,1.01234411529765e-22,"Arpp19"
"Rab9b",7.85747735125154e-27,0.202787666678861,0.23,0.101,1.18498615934224e-22,"Rab9b"
"Unc13b",9.30845017863827e-27,0.201503260994674,0.18,0.068,1.40380737144044e-22,"Unc13b"
"Meg3",9.90216261925738e-27,0.271647587462552,0.998,0.999,1.49334514461021e-22,"Meg3"
"Shisa8",1.04268958129914e-26,-0.408982656377661,0.097,0.235,1.57248015755723e-22,"Shisa8"
"Arpc5",1.10700039450323e-26,0.299513138887597,0.438,0.278,1.66946729495032e-22,"Arpc5"
"Bhlhe40",1.11807313998205e-26,0.248293853558934,0.234,0.106,1.68616610240693e-22,"Bhlhe40"
"Marcks",1.13087505843872e-26,-0.454039263396233,0.461,0.608,1.70547267563144e-22,"Marcks"
"Adgrl2",1.35910005511433e-26,0.252992048986405,0.284,0.141,2.04965879311793e-22,"Adgrl2"
"Tspan17",1.44792136834905e-26,0.241597759478407,0.334,0.181,2.18361021560721e-22,"Tspan17"
"Rpl10a",1.75256474327087e-26,0.380926929834744,0.84,0.778,2.6430428893268e-22,"Rpl10a"
"Vwa5b2",1.83092251714717e-26,0.235654105088486,0.297,0.152,2.76121424810964e-22,"Vwa5b2"
"Tprgl",2.12013890707689e-26,0.370124557695023,0.616,0.471,3.19738148576266e-22,"Tprgl"
"Ctsb",2.73109301086921e-26,0.314562872682338,0.761,0.625,4.11876136969185e-22,"Ctsb"
"Rps9",3.63158115677932e-26,0.320929429489989,0.926,0.911,5.47678754253889e-22,"Rps9"
"Kcnh7",3.99362602987636e-26,0.229784448882643,0.226,0.101,6.02278741565654e-22,"Kcnh7"
"Rps10",4.26419676754266e-26,0.327710596547182,0.753,0.654,6.43083514513109e-22,"Rps10"
"Baiap2",6.22276632041362e-26,0.270524130312384,0.389,0.233,9.38455388781579e-22,"Baiap2"
"Rps6",7.7597548518554e-26,0.351137362116392,0.88,0.837,1.17024862920831e-21,"Rps6"
"Mef2c",8.08917426916076e-26,-0.242752836741657,0.073,0.203,1.21992837153213e-21,"Mef2c"
"Nedd4l",9.17529426349707e-26,0.270314673964606,0.34,0.192,1.38372612787799e-21,"Nedd4l"
"Peg3",9.80456695795099e-26,0.318600719161061,0.849,0.76,1.47862674292859e-21,"Peg3"
"Begain",1.05986001853838e-25,0.206527816825619,0.234,0.106,1.59837489395773e-21,"Begain"
"Slc6a6",1.08781348526383e-25,-0.353940764724324,0.299,0.45,1.64053151712638e-21,"Slc6a6"
"Cntnap1",1.40662236694422e-25,0.266896876158164,0.441,0.28,2.12132719158858e-21,"Cntnap1"
"Ptprf",1.42388716850855e-25,0.231651703647933,0.34,0.184,2.14736423882774e-21,"Ptprf"
"Ywhab",1.86752110838337e-25,0.405734891331694,0.864,0.799,2.81640858355295e-21,"Ywhab"
"Scn2b",2.00506064246185e-25,0.319490216393929,0.625,0.462,3.02383195489672e-21,"Scn2b"
"Lor",2.03988421167782e-25,0.253781097450731,0.279,0.141,3.07634937963132e-21,"Lor"
"Slc6a11",2.90153705530528e-25,-0.215592579399984,0.088,0.223,4.37580803310589e-21,"Slc6a11"
"6330403K07Rik",3.20376978409429e-25,0.801931689789559,0.766,0.743,4.8316052113926e-21,"6330403K07Rik"
"Tsc22d1",7.4205451932106e-25,0.342825264387336,0.866,0.788,1.11909242058809e-20,"Tsc22d1"
"Ubl3",8.17245523077335e-25,0.287431216215165,0.587,0.424,1.23248797335293e-20,"Ubl3"
"Tubb5",8.26694911874733e-25,0.346096879291454,0.692,0.559,1.24673859659829e-20,"Tubb5"
"Mapk9",8.92090652089358e-25,0.28257418764809,0.542,0.379,1.34536191241596e-20,"Mapk9"
"Unc13c",9.49860022478481e-25,-0.298443269648524,0.157,0.307,1.4324838998998e-20,"Unc13c"
"Rps20",1.63547780835287e-24,0.351705675970558,0.78,0.696,2.46646408277696e-20,"Rps20"
"1810041L15Rik",1.76335744257163e-24,0.200665480453954,0.228,0.104,2.65931935914227e-20,"1810041L15Rik"
"Enc1",1.85588390705454e-24,0.258379211569292,0.291,0.153,2.79885852022896e-20,"Enc1"
"Rpsa",1.8635080550859e-24,0.335552795388919,0.807,0.725,2.81035649787504e-20,"Rpsa"
"Jph3",3.20439094591871e-24,0.237601227725036,0.383,0.232,4.83254198554001e-20,"Jph3"
"Zfhx4",3.34238374830076e-24,-0.274340563445601,0.181,0.334,5.04064893081238e-20,"Zfhx4"
"Gm28050",3.36075337138224e-24,0.208036123330897,0.212,0.094,5.06835215938156e-20,"Gm28050"
"Sox4",3.46054463239182e-24,-0.262094706339609,0.171,0.323,5.2188473601101e-20,"Sox4"
"Ccdc92",3.60800612302107e-24,0.300557286964589,0.499,0.348,5.44123403412808e-20,"Ccdc92"
"Aes",3.94036967567948e-24,0.302478287237906,0.777,0.649,5.94247150789223e-20,"Aes"
"Ppp2r2b",4.25820880037359e-24,0.302559472664916,0.555,0.405,6.42180469184341e-20,"Ppp2r2b"
"Gpr162",4.45432886775837e-24,-0.304518691533915,0.496,0.634,6.7175733654664e-20,"Gpr162"
"Ccdc28a",4.85397242657064e-24,0.21351771648366,0.276,0.142,7.32027581651118e-20,"Ccdc28a"
"Pfkp",4.96140841523029e-24,0.249136631074456,0.531,0.361,7.4823000310088e-20,"Pfkp"
"Rnf208",5.57786646745092e-24,0.293097149419778,0.586,0.429,8.41198041956273e-20,"Rnf208"
"Gabra1",6.69502647914823e-24,0.200191638120209,0.5,0.318,1.00967694332035e-19,"Gabra1"
"Atp1a1",7.33597370783165e-24,0.228676592284879,0.33,0.186,1.10633819487809e-19,"Atp1a1"
"Rplp2",9.45253745760767e-24,0.307145349095624,0.886,0.862,1.42553717398181e-19,"Rplp2"
"Sdcbp",9.96240378838172e-24,0.242781212615726,0.345,0.2,1.50243011532585e-19,"Sdcbp"
"Pfdn2",1.2281045522337e-23,0.323148009450444,0.915,0.895,1.85210447522364e-19,"Pfdn2"
"Vldlr",1.24598427995114e-23,0.256094325120335,0.279,0.146,1.87906889259432e-19,"Vldlr"
"Rab26",1.25321938969377e-23,0.20634960174805,0.225,0.105,1.88998016159717e-19,"Rab26"
"Syt5",1.46413652499859e-23,0.224147858159885,0.273,0.142,2.20806429335038e-19,"Syt5"
"Ncald",1.87215591934067e-23,0.485311235262987,0.643,0.512,2.82339834195767e-19,"Ncald"
"Mgat5",2.27951591819054e-23,0.260503543225032,0.354,0.207,3.43773795622315e-19,"Mgat5"
"Arpp21",2.64228369378538e-23,0.362045074699595,0.422,0.274,3.98482803859773e-19,"Arpp21"
"1500009L16Rik",3.20414725917023e-23,0.239470065491165,0.34,0.198,4.83217448155462e-19,"1500009L16Rik"
"Atp9a",3.34985213742422e-23,0.288319828208796,0.677,0.531,5.05191200844947e-19,"Atp9a"
"Mrps15",3.68636800356955e-23,0.238888852061183,0.424,0.271,5.55941158618323e-19,"Mrps15"
"Prkacb",3.81044242234318e-23,0.338536937469111,0.839,0.769,5.74652821713574e-19,"Prkacb"
"Plcxd2",3.85898964460612e-23,0.235980761554467,0.337,0.19,5.81974228303049e-19,"Plcxd2"
"Ppm1l",3.8956017381975e-23,-0.314620969087603,0.289,0.444,5.87495698137566e-19,"Ppm1l"
"Adam23",3.9030138939594e-23,0.260243313912418,0.348,0.202,5.88613525348017e-19,"Adam23"
"Ppargc1a",4.01368795084205e-23,-0.279049468005248,0.189,0.338,6.0530427986649e-19,"Ppargc1a"
"Psmc5",4.11832175473281e-23,0.303158570542417,0.69,0.57,6.21084103831255e-19,"Psmc5"
"Sox11",4.26050917338675e-23,-0.303125110728516,0.229,0.381,6.42527388438456e-19,"Sox11"
"Rtn3",6.34489624988304e-23,0.318208380353008,0.929,0.868,9.56873803444862e-19,"Rtn3"
"Actb",6.77866522314255e-23,0.3377568924118,0.785,0.688,1.02229050230213e-18,"Actb"
"Flot2",8.28711913868654e-23,0.217584689815721,0.332,0.192,1.24978043730532e-18,"Flot2"
"Podxl2",1.36185623959447e-22,0.343781015696906,0.728,0.619,2.05381539493242e-18,"Podxl2"
"Clstn1",1.37021795315134e-22,0.28705866125462,0.892,0.821,2.06642569514753e-18,"Clstn1"
"Dab1",1.4267424341817e-22,0.215898999505169,0.284,0.151,2.15167026498942e-18,"Dab1"
"Mtch1",1.48992365283954e-22,0.289197562484578,0.799,0.699,2.24695386084732e-18,"Mtch1"
"Glrb",1.50691219756801e-22,0.266207439755417,0.536,0.385,2.27257428515232e-18,"Glrb"
"Cstf3",1.62393006567199e-22,0.22203309938188,0.427,0.273,2.44904893203993e-18,"Cstf3"
"Hddc2",1.94842629237772e-22,0.301741326565233,0.249,0.129,2.93842169153484e-18,"Hddc2"
"Rpl31",2.28422740795112e-22,0.32156272143714,0.914,0.887,3.44484335393108e-18,"Rpl31"
"Ogfrl1",2.41681501370685e-22,0.42279607294034,0.514,0.386,3.6447987221713e-18,"Ogfrl1"
"Cox4i1",3.46400521663761e-22,0.251937293173463,0.981,0.971,5.22406626721118e-18,"Cox4i1"
"Creg2",3.7044809400456e-22,0.212895717762329,0.297,0.163,5.58672770568276e-18,"Creg2"
"Pcsk2",3.87179546057596e-22,0.320187615300154,0.545,0.399,5.8390547340946e-18,"Pcsk2"
"Stk32c",4.06218780495129e-22,0.252985626644689,0.329,0.195,6.12618542864703e-18,"Stk32c"
"Kcnip2",4.45682803233837e-22,0.220667321754834,0.223,0.108,6.72134235556949e-18,"Kcnip2"
"2210013O21Rik",4.5049100040088e-22,0.338844578792544,0.74,0.64,6.79385477704567e-18,"2210013O21Rik"
"Ppp2r2c",4.51015746561779e-22,0.264677156767396,0.685,0.539,6.80176847389819e-18,"Ppp2r2c"
"Rorb",4.94574431075588e-22,0.481883703887031,0.31,0.192,7.45867699505095e-18,"Rorb"
"Jph4",6.03337133884535e-22,0.259985558157742,0.42,0.273,9.09892731611267e-18,"Jph4"
"Rpl18a",7.99967136784231e-22,0.312921929483117,0.898,0.872,1.2064304389843e-17,"Rpl18a"
"Nat8l",8.02861194272732e-22,0.302340767967766,0.658,0.515,1.21079496708271e-17,"Nat8l"
"St6galnac5",1.03153545978079e-21,-0.261155871737985,0.137,0.272,1.5556586268954e-17,"St6galnac5"
"Rpl22l1",1.12902432220962e-21,0.335937587830553,0.742,0.665,1.70268158032432e-17,"Rpl22l1"
"Tnfrsf21",1.50829044342664e-21,0.203479698956913,0.279,0.151,2.27465281773172e-17,"Tnfrsf21"
"Hs3st4",2.10385294708647e-21,0.215984405921622,0.216,0.104,3.1728206295011e-17,"Hs3st4"
"Dgcr2",2.39258210438209e-21,0.268090566632867,0.469,0.323,3.60825307161863e-17,"Dgcr2"
"Stx1b",3.43025831714049e-21,0.262458073122248,0.635,0.486,5.17317256807957e-17,"Stx1b"
"Ywhag",3.91135857617683e-21,0.319141668426221,0.9,0.861,5.89871986873228e-17,"Ywhag"
"Cyfip2",4.04237829689504e-21,0.290897159833008,0.742,0.616,6.09631070954742e-17,"Cyfip2"
"Shisa9",5.2879187598678e-21,0.240780587727405,0.281,0.155,7.97471028175663e-17,"Shisa9"
"Hpcal1",5.98840575174854e-21,0.271638045790158,0.263,0.142,9.03111471421198e-17,"Hpcal1"
"Pam",6.08892574342108e-21,0.283610061398949,0.447,0.31,9.18270891365334e-17,"Pam"
"Adgrl1",6.36043434019552e-21,0.313640050346996,0.728,0.611,9.59217102844886e-17,"Adgrl1"
"Pdcd4",7.63855815220034e-21,0.229584119928275,0.311,0.184,1.15197095493333e-16,"Pdcd4"
"Tex2",8.85439521428563e-21,0.209154495927512,0.332,0.196,1.33533134226642e-16,"Tex2"
"Rbfox3",9.48774309277066e-21,0.281578935509253,0.535,0.395,1.43084653582074e-16,"Rbfox3"
"Cmip",9.8139029390783e-21,0.300560796933802,0.65,0.517,1.4800347022424e-16,"Cmip"
"Mfsd6",1.01594596372187e-20,0.290924701348736,0.472,0.333,1.53214810788895e-16,"Mfsd6"
"Dynll2",1.03772195170307e-20,0.277302600171649,0.949,0.948,1.5649884753634e-16,"Dynll2"
"Tmod2",1.08513311991103e-20,0.324551146716995,0.708,0.589,1.63648925813782e-16,"Tmod2"
"Chp1",1.10173860311368e-20,0.236910111201019,0.375,0.238,1.66153198735575e-16,"Chp1"
"Reep5",1.21428706161257e-20,0.353906845120788,0.715,0.603,1.83126631761792e-16,"Reep5"
"Chl1",1.42133522352983e-20,0.281344712756747,0.363,0.227,2.14351565060534e-16,"Chl1"
"Eif3h",1.49470039604422e-20,0.30858137946219,0.741,0.642,2.25415766727429e-16,"Eif3h"
"Tspyl2",1.60071336837163e-20,0.259604812286104,0.46,0.321,2.41403583084125e-16,"Tspyl2"
"Fbxo2",1.60765275194306e-20,0.238356557245377,0.403,0.258,2.42450111520534e-16,"Fbxo2"
"Ppm1e",1.7623929986823e-20,-0.237769323927276,0.247,0.398,2.65786488131277e-16,"Ppm1e"
"Ap2a2",1.85104744028768e-20,0.248633513637556,0.504,0.362,2.79156464469785e-16,"Ap2a2"
"Kif5a",2.24763137644055e-20,0.260009272093301,0.718,0.586,3.38965287881e-16,"Kif5a"
"Ifngr2",2.88148417815792e-20,0.263119491432044,0.385,0.25,4.34556628907996e-16,"Ifngr2"
"Nipal3",2.97222276761923e-20,0.293049697497091,0.489,0.353,4.48240915584656e-16,"Nipal3"
"Smim14",3.37512341596951e-20,0.271037406865595,0.582,0.447,5.09002362362362e-16,"Smim14"
"Gpm6a",3.67127694046609e-20,0.309598759021885,0.888,0.831,5.53665275391692e-16,"Gpm6a"
"Reps2",3.96181503355806e-20,-0.273171237471871,0.278,0.421,5.97481325210891e-16,"Reps2"
"mt-Nd5",4.23546668921895e-20,0.278164400404447,0.657,0.529,6.3875073140111e-16,"mt-Nd5"
"Sult4a1",4.30987283426185e-20,0.248055153279458,0.757,0.625,6.4997192213503e-16,"Sult4a1"
"Rnf112",4.91218304505574e-20,0.208834371686911,0.284,0.159,7.40806325024856e-16,"Rnf112"
"Msi2",5.05064762706387e-20,-0.224383547388227,0.217,0.36,7.61688168637502e-16,"Msi2"
"Fkbp2",5.07145578976058e-20,0.232824345723649,0.846,0.74,7.64826247653793e-16,"Fkbp2"
"Tln2",5.64830899915113e-20,-0.245694281474499,0.261,0.403,8.51821480161983e-16,"Tln2"
"Mbnl1",5.93135227683881e-20,0.208985286622525,0.334,0.201,8.94507236870061e-16,"Mbnl1"
"Polr3k",7.52369967739921e-20,0.212985562958959,0.365,0.229,1.13464914834858e-15,"Polr3k"
"Ociad1",8.34480919187353e-20,0.251895289215756,0.767,0.639,1.25848067422645e-15,"Ociad1"
"Agap3",1.10748332569787e-19,0.281147193850119,0.51,0.375,1.67019560348496e-15,"Agap3"
"Ptprd",1.14663158651655e-19,0.327796310383249,0.531,0.403,1.72923509562561e-15,"Ptprd"
"Spcs1",1.34941220633477e-19,0.275093070522103,0.647,0.509,2.03504854837346e-15,"Spcs1"
"Rps2",1.4013826381902e-19,0.310297690049377,0.929,0.895,2.11342515665464e-15,"Rps2"
"Akap11",1.40488523990674e-19,0.294961457150014,0.647,0.534,2.11870743030335e-15,"Akap11"
"Mapk8ip3",1.63522946636977e-19,0.247164703019258,0.579,0.441,2.46608955823225e-15,"Mapk8ip3"
"Cox7c",2.162857456298e-19,0.319681479159806,0.958,0.956,3.26180532984302e-15,"Cox7c"
"Glud1",2.17199418902574e-19,0.225767223957553,0.479,0.331,3.27558443646973e-15,"Glud1"
"Tmem30a",2.24248690106131e-19,0.319017757918357,0.585,0.461,3.38189449549056e-15,"Tmem30a"
"Plcb1",2.50299213127928e-19,-0.234449866290781,0.196,0.333,3.77476243318228e-15,"Plcb1"
"Elmo1",2.53982465924434e-19,-0.40044722029763,0.6,0.689,3.83030956860639e-15,"Elmo1"
"Cspg5",2.59136579981348e-19,0.25346283711002,0.575,0.437,3.9080387626987e-15,"Cspg5"
"Uqcc2",2.6398638197414e-19,0.280768058193003,0.794,0.735,3.981178626552e-15,"Uqcc2"
"Rpl34",3.39386320037032e-19,0.306331558253342,0.796,0.72,5.11828509247848e-15,"Rpl34"
"Xbp1",4.39006772376535e-19,0.235673471032402,0.479,0.343,6.62066113421052e-15,"Xbp1"
"Gabrg2",4.61952996186654e-19,0.229804883229496,0.444,0.304,6.96671313549092e-15,"Gabrg2"
"Cacna2d2",5.10943036426835e-19,-0.276887846793569,0.4,0.533,7.70553193235311e-15,"Cacna2d2"
"Adcyap1r1",5.29446773473974e-19,0.203000008714279,0.341,0.207,7.98458679076101e-15,"Adcyap1r1"
"Epha4",5.37531151600782e-19,0.352205632761658,0.461,0.333,8.10650729729139e-15,"Epha4"
"Fyttd1",5.40849327620734e-19,0.201066659093796,0.371,0.238,8.15654870984829e-15,"Fyttd1"
"Nefm",6.94552567712892e-19,0.319296436649327,0.433,0.295,1.04745472736781e-14,"Nefm"
"Hsp90ab1",8.18791332341657e-19,0.302361652864625,0.894,0.856,1.23481920830445e-14,"Hsp90ab1"
"Fam163b",8.81004893431552e-19,-0.25342746048863,0.162,0.287,1.32864347978412e-14,"Fam163b"
"Fam168b",1.07003672307131e-18,0.285590187470693,0.642,0.52,1.61372238206384e-14,"Fam168b"
"Srgap2",1.12072521559937e-18,-0.260868184897833,0.253,0.386,1.69016569764541e-14,"Srgap2"
"Tspyl1",1.25314258770424e-18,0.246251966980953,0.564,0.43,1.88986433651676e-14,"Tspyl1"
"B4galt6",1.29091301165368e-18,0.246029449367854,0.59,0.452,1.94682591287491e-14,"B4galt6"
"Rpl35",1.34099452532532e-18,0.307011986356873,0.726,0.649,2.02235384364312e-14,"Rpl35"
"Smarca2",1.36249571018101e-18,0.261891655807462,0.573,0.447,2.05477978052397e-14,"Smarca2"
"Sphkap",1.49544379105853e-18,-0.361941576052616,0.119,0.232,2.25527878129536e-14,"Sphkap"
"Ctnnd2",1.5379112107733e-18,0.272949507808612,0.478,0.345,2.31932389696722e-14,"Ctnnd2"
"Chchd2",1.58754542516401e-18,0.251542487191477,0.972,0.988,2.39417725568985e-14,"Chchd2"
"Gde1",1.60735207884513e-18,0.284727202539874,0.669,0.558,2.42404767010635e-14,"Gde1"
"Nbea",1.65588720098857e-18,0.258922335554576,0.538,0.409,2.49724348781087e-14,"Nbea"
"Btbd3",1.71558431527572e-18,0.275190578761107,0.428,0.3,2.58727270586731e-14,"Btbd3"
"Pnck",1.7287931882304e-18,0.256945723811843,0.471,0.336,2.60719300717027e-14,"Pnck"
"Herc3",1.99313259482505e-18,0.233084097894998,0.286,0.167,3.00584326625565e-14,"Herc3"
"Kif1a",2.46465499759324e-18,0.273106716793858,0.854,0.776,3.71694620187037e-14,"Kif1a"
"Tmem91",2.48976090855413e-18,0.266181730807133,0.575,0.448,3.75480842619048e-14,"Tmem91"
"Tomm5",2.99686207848881e-18,0.273470622604057,0.67,0.566,4.51956770056898e-14,"Tomm5"
"Naa50",3.04914028574334e-18,0.213032102389851,0.337,0.212,4.59840846492953e-14,"Naa50"
"Ccdc136",3.92994063140497e-18,0.207533529686765,0.412,0.277,5.92674346622184e-14,"Ccdc136"
"Syp",4.00097628082036e-18,0.282032384856356,0.919,0.864,6.03387232910519e-14,"Syp"
"Ldhb",4.81972625167439e-18,-0.287649731913493,0.673,0.782,7.26862916015015e-14,"Ldhb"
"Fam213b",5.22054699645204e-18,0.251257960539086,0.517,0.379,7.87310692534933e-14,"Fam213b"
"Mycbp2",5.62942992848415e-18,0.268025200465327,0.763,0.672,8.48974327514695e-14,"Mycbp2"
"Eif2s2",5.75951770509652e-18,0.265061021146622,0.616,0.495,8.68592865105607e-14,"Eif2s2"
"Fbxo9",5.96240089220253e-18,0.256884092565026,0.735,0.634,8.99189678553063e-14,"Fbxo9"
"Pfn2",6.4830524687521e-18,0.279738740444618,0.856,0.792,9.77709142812504e-14,"Pfn2"
"Abat",6.65855268075388e-18,-0.298269433515261,0.501,0.624,1.00417632978449e-13,"Abat"
"Nrip3",6.77754749232052e-18,-0.263814061819985,0.355,0.499,1.02212193731686e-13,"Nrip3"
"Dcun1d4",8.01719582241205e-18,0.235364925768136,0.386,0.26,1.20907330197796e-13,"Dcun1d4"
"Tomm7",8.22623338565832e-18,0.283691388371633,0.763,0.665,1.24059825689113e-13,"Tomm7"
"Ccdc85a",8.33354308129077e-18,0.291159824268845,0.362,0.242,1.25678163208946e-13,"Ccdc85a"
"Rangap1",8.51142830438455e-18,0.272329488806378,0.538,0.413,1.28360850258423e-13,"Rangap1"
"Vstm2l",9.64417352476312e-18,0.271007936478279,0.523,0.385,1.45443780926953e-13,"Vstm2l"
"Kbtbd11",9.81826925690202e-18,0.225544022302204,0.3,0.184,1.48069318663339e-13,"Kbtbd11"
"Sema6b",1.06055321352745e-17,0.206079341748084,0.332,0.21,1.59942030132074e-13,"Sema6b"
"Abr",1.06672584879437e-17,0.264332669935999,0.658,0.548,1.60872925256679e-13,"Abr"
"Cltb",1.12187153875008e-17,0.240454965080376,0.735,0.616,1.69189446758899e-13,"Cltb"
"Dscam",1.18955248259421e-17,-0.205671532423195,0.232,0.369,1.79396409900033e-13,"Dscam"
"Kcnip4",1.33331465792269e-17,0.276391875233671,0.376,0.255,2.01077183561322e-13,"Kcnip4"
"Stmn4",1.43362148572607e-17,-0.315529990881963,0.532,0.651,2.16204456262348e-13,"Stmn4"
"Calm2",1.49193491820399e-17,0.257782223081505,0.971,0.99,2.24998705014344e-13,"Calm2"
"Prpf31",2.13775560404691e-17,0.216582494032955,0.37,0.245,3.22394922646314e-13,"Prpf31"
"Snrpn",2.1398796559764e-17,0.261907491978143,0.964,0.977,3.22715250917802e-13,"Snrpn"
"Cplx1",2.28469804871228e-17,-0.360695779079372,0.531,0.673,3.44555312726299e-13,"Cplx1"
"Rps18",2.36319303356816e-17,0.285712242475147,0.874,0.856,3.56393141392415e-13,"Rps18"
"Serinc1",2.96053538886571e-17,0.282530388210836,0.88,0.824,4.46478341994838e-13,"Serinc1"
"Cadm3",3.13632656957016e-17,0.253769291999665,0.659,0.547,4.72989409956875e-13,"Cadm3"
"Ssbp4",3.1442906480784e-17,0.263137825065944,0.548,0.432,4.74190472636703e-13,"Ssbp4"
"Camk2d",3.25556034880524e-17,0.385400387759749,0.605,0.503,4.90971056203318e-13,"Camk2d"
"Stx4a",3.53398669286694e-17,0.209861527980692,0.391,0.262,5.32960533151263e-13,"Stx4a"
"Rps12",3.65533351821143e-17,0.304395068939354,0.746,0.676,5.51260847881466e-13,"Rps12"
"Rpl22",3.69023320050609e-17,0.222823587402088,0.566,0.441,5.56524068968324e-13,"Rpl22"
"Denr",4.37736009794505e-17,0.254662616766457,0.613,0.499,6.60149676371093e-13,"Denr"
"Eif3m",4.82223874191188e-17,0.249653703804042,0.462,0.336,7.27241824667731e-13,"Eif3m"
"Hspa12a",5.19666599684801e-17,0.232956873545644,0.435,0.302,7.83709198984648e-13,"Hspa12a"
"Hspa4l",5.74597258286475e-17,0.233089648526034,0.727,0.621,8.66550125221833e-13,"Hspa4l"
"Fam134a",5.79868114544772e-17,0.249304312722366,0.52,0.394,8.74499103544971e-13,"Fam134a"
"Eef1b2",5.91785327292866e-17,0.261006069822657,0.67,0.565,8.92471452090371e-13,"Eef1b2"
"Frrs1l",6.51108599296187e-17,0.294509655749419,0.602,0.493,9.8193687859858e-13,"Frrs1l"
"Pcmt1",6.83531492762122e-17,0.232028091607514,0.587,0.463,1.03083384423456e-12,"Pcmt1"
"Slc9a6",6.99073716330631e-17,0.212382460313422,0.33,0.211,1.05427307159822e-12,"Slc9a6"
"Psmb1",7.87596169044463e-17,0.246863639779248,0.773,0.687,1.18777378253595e-12,"Psmb1"
"Spock3",7.98030660660532e-17,0.244630691596439,0.474,0.349,1.20351003934215e-12,"Spock3"
"2700060E02Rik",8.3986474168523e-17,0.24959789918135,0.566,0.448,1.2666000169355e-12,"2700060E02Rik"
"Tubb4b",9.72133289402613e-17,0.207543483735572,0.448,0.314,1.46607421374808e-12,"Tubb4b"
"Gm16286",1.07163223940371e-16,0.237074334426224,0.59,0.477,1.61612858024474e-12,"Gm16286"
"PISD",1.07635367981246e-16,0.245868821479576,0.511,0.382,1.62324898452517e-12,"PISD"
"Ppia",1.31108810214324e-16,0.278090340989477,0.693,0.596,1.97725196684221e-12,"Ppia"
"Cnr1",1.38453453215224e-16,0.205420722317367,0.364,0.237,2.08801652793879e-12,"Cnr1"
"Auts2",1.42227695311095e-16,-0.235785133511024,0.257,0.387,2.14493587298662e-12,"Auts2"
"Scamp1",1.61460641585588e-16,0.268122930538111,0.651,0.536,2.43498793575225e-12,"Scamp1"
"Dzank1",2.22456469994847e-16,0.258350888011361,0.666,0.561,3.35486602399228e-12,"Dzank1"
"Vstm2a",2.77877525374819e-16,0.253217574062654,0.383,0.268,4.19067096017764e-12,"Vstm2a"
"Tubb3",2.81378604557893e-16,0.200556060077237,0.67,0.538,4.24347073533759e-12,"Tubb3"
"Cox17",3.14679385168596e-16,0.270425453713858,0.854,0.814,4.74567980772759e-12,"Cox17"
"Rab6a",3.32157009286319e-16,0.272772893643764,0.756,0.658,5.00925985704697e-12,"Rab6a"
"Slco3a1",3.56665019724185e-16,-0.221171943211623,0.192,0.311,5.37886516246043e-12,"Slco3a1"
"Sh3glb2",3.9236647929028e-16,0.241878643389731,0.44,0.32,5.91727887417671e-12,"Sh3glb2"
"Aatk",4.26846919796936e-16,0.229359892139943,0.532,0.402,6.4372783974576e-12,"Aatk"
"Ntrk2",4.53271006725572e-16,0.254759068835908,0.541,0.422,6.83578005242836e-12,"Ntrk2"
"Ndufb5",4.54786466670647e-16,0.228101646523763,0.88,0.821,6.85863470386002e-12,"Ndufb5"
"Grb10",5.15945405396995e-16,0.230084589293212,0.34,0.225,7.78097265879209e-12,"Grb10"
"Tubb4a",5.38298795748475e-16,0.258714658909096,0.659,0.542,8.11808413868275e-12,"Tubb4a"
"Spryd3",5.63835190372957e-16,0.20217005455149,0.436,0.313,8.50319850601457e-12,"Spryd3"
"Ckb",6.13198624171338e-16,-0.281690657462939,0.751,0.837,9.24764845112795e-12,"Ckb"
"Ralbp1",7.37885881434885e-16,0.25222676035741,0.581,0.466,1.11280569779195e-11,"Ralbp1"
"Chn1",8.77930504758206e-16,0.30401988493576,0.649,0.553,1.32400699422585e-11,"Chn1"
"Ly6h",8.98705877075946e-16,0.247423383170509,0.852,0.765,1.35533833321823e-11,"Ly6h"
"Tmem179",9.22346247548894e-16,0.23721979152097,0.516,0.391,1.39099037592849e-11,"Tmem179"
"Ncam1",9.65722398948319e-16,0.243481941146175,0.76,0.642,1.45640594985396e-11,"Ncam1"
"Stmn3",9.99618100739648e-16,0.252025661548458,0.937,0.914,1.50752405772546e-11,"Stmn3"
"Eif3f",1.09750019619634e-15,0.309808565125718,0.732,0.669,1.6551400458837e-11,"Eif3f"
"Ywhaz",1.26625533463893e-15,0.300760384909944,0.762,0.693,1.90963967016898e-11,"Ywhaz"
"Aktip",1.64986639230372e-15,0.239750211802379,0.507,0.387,2.48816350623324e-11,"Aktip"
"Pura",1.84848440033843e-15,0.239868965783862,0.858,0.801,2.78769932415039e-11,"Pura"
"Magi2",1.87553265462659e-15,-0.208512654578848,0.187,0.304,2.82849079644237e-11,"Magi2"
"Hint1",2.16170042723581e-15,0.272863640376127,0.901,0.879,3.26006041431432e-11,"Hint1"
"mt-Co1",2.27954201529891e-15,0.240094878974468,0.636,0.521,3.43777731327229e-11,"mt-Co1"
"Eif3e",2.43500933263216e-15,0.228956984661201,0.494,0.377,3.67223757454256e-11,"Eif3e"
"Ldha",2.52196941388058e-15,0.238454278465236,0.354,0.238,3.80338207307331e-11,"Ldha"
"Iqsec3",2.57659321557077e-15,-0.277514881898068,0.364,0.482,3.88576022840228e-11,"Iqsec3"
"Pithd1",2.98199556759349e-15,0.224098598659906,0.462,0.339,4.49714751548774e-11,"Pithd1"
"Lysmd2",3.01361345124511e-15,0.22772934611227,0.55,0.436,4.54483044582275e-11,"Lysmd2"
"Aplp1",3.97501922768207e-15,0.271746582888428,0.772,0.713,5.99472649726734e-11,"Aplp1"
"Uqcrh",4.25332217113802e-15,0.213276558264348,0.94,0.947,6.41443516629324e-11,"Uqcrh"
"Eif3k",6.03442911241479e-15,0.255011503037811,0.688,0.586,9.10052254443275e-11,"Eif3k"
"Ndufa6",7.55818563648563e-15,0.225428770648899,0.916,0.911,1.1398499758384e-10,"Ndufa6"
"Yaf2",8.07762757152912e-15,0.238456881553048,0.585,0.473,1.21818701406231e-10,"Yaf2"
"Prkar1a",8.60138489673749e-15,0.232236208288544,0.812,0.748,1.29717485627698e-10,"Prkar1a"
"Hap1",9.25511749544257e-15,0.456557989648607,0.525,0.439,1.39576426948769e-10,"Hap1"
"Arf3",9.95039045000673e-15,0.283349872283351,0.737,0.662,1.50061838376551e-10,"Arf3"
"Nckap1",1.00810719376473e-14,0.221639712640469,0.575,0.457,1.52032645891658e-10,"Nckap1"
"Kif1b",1.1395670279298e-14,0.215971665417096,0.78,0.69,1.71858103482094e-10,"Kif1b"
"Kctd13",1.15143211268741e-14,0.20718642519127,0.374,0.261,1.73647476914388e-10,"Kctd13"
"Lysmd4",1.15740302576069e-14,0.218815886024723,0.514,0.396,1.7454795031497e-10,"Lysmd4"
"Rpl30",1.32880493727668e-14,0.258867701908402,0.76,0.697,2.00397072590696e-10,"Rpl30"
"Grina",1.39275521778572e-14,0.259556937268381,0.707,0.622,2.10041414394264e-10,"Grina"
"Fndc5",1.40943792520406e-14,-0.277442906362858,0.502,0.627,2.12557333500024e-10,"Fndc5"
"Celsr2",1.69743011161663e-14,0.203797736541157,0.441,0.326,2.55989435132905e-10,"Celsr2"
"Fdx1l",1.93998916891562e-14,0.237955173603699,0.525,0.416,2.92569766564165e-10,"Fdx1l"
"Ppp3cb",2.1058540016511e-14,0.237400494958534,0.562,0.455,3.17583841989003e-10,"Ppp3cb"
"Mboat7",2.12030991255628e-14,0.204276655298903,0.367,0.257,3.19763937912613e-10,"Mboat7"
"Rpl7a",2.16484390930378e-14,0.232862278690394,0.72,0.634,3.26480109962104e-10,"Rpl7a"
"Rpl36",2.45094512890415e-14,0.287312678075003,0.856,0.851,3.69627034890035e-10,"Rpl36"
"Mrfap1",2.66511539904866e-14,0.270536833413819,0.888,0.876,4.01926053330528e-10,"Mrfap1"
"Dync1h1",2.67115248750498e-14,0.20012638576356,0.58,0.458,4.02836506640626e-10,"Dync1h1"
"Fus",2.88528258473262e-14,0.236858277211587,0.757,0.684,4.35129466603526e-10,"Fus"
"Sdf4",2.9945698375909e-14,0.219865071759554,0.575,0.461,4.51611077207084e-10,"Sdf4"
"Cnnm1",3.00142208048282e-14,0.20406014355975,0.389,0.272,4.52644463957614e-10,"Cnnm1"
"Ubl5",3.03885209834626e-14,0.281835396555873,0.845,0.802,4.58289284951599e-10,"Ubl5"
"Aip",3.15531260656018e-14,0.210874572238148,0.45,0.336,4.75852694195341e-10,"Aip"
"Ids",3.521889172854e-14,0.227444296919697,0.46,0.346,5.31136106158111e-10,"Ids"
"Rpl27a",3.70728701210687e-14,0.263398475159603,0.627,0.531,5.59095954295836e-10,"Rpl27a"
"Atp2b2",3.82551606995092e-14,0.229749450683524,0.731,0.629,5.76926078509298e-10,"Atp2b2"
"Vti1b",3.87575582960171e-14,0.239265544460949,0.656,0.56,5.84502736662234e-10,"Vti1b"
"Cygb",4.12905611401747e-14,0.24116663070694,0.561,0.451,6.22702952554975e-10,"Cygb"
"Ddx24",4.19357163711289e-14,0.226172960295336,0.716,0.616,6.32432538592994e-10,"Ddx24"
"Myo5a",4.95429788781919e-14,0.226908390958473,0.544,0.429,7.47157664462011e-10,"Myo5a"
"Map2k1",6.32628307717338e-14,0.240665553910281,0.458,0.354,9.54066750868517e-10,"Map2k1"
"Kpna1",6.39765565197407e-14,0.227109156416355,0.386,0.277,9.64830448874209e-10,"Kpna1"
"Cryzl1",6.6098757266826e-14,0.211509590451729,0.432,0.319,9.96835358341004e-10,"Cryzl1"
"Rps17",7.52449111517642e-14,0.25552462320483,0.837,0.826,1.13476850507976e-09,"Rps17"
"H3f3a",7.74169758671037e-14,-0.224945979427035,0.387,0.503,1.16752541305179e-09,"H3f3a"
"Tmem132c",8.38986352651083e-14,0.262363001867065,0.114,0.05,1.2652753184331e-09,"Tmem132c"
"Gng2",8.65730781876103e-14,0.222177617308535,0.585,0.476,1.30560859214735e-09,"Gng2"
"Tango2",9.2780062820353e-14,0.236996134467598,0.602,0.497,1.39921612739374e-09,"Tango2"
"Psd3",1.03245599373111e-13,-0.283604626635102,0.295,0.4,1.55704688414588e-09,"Psd3"
"Tollip",1.26467499148878e-13,0.207081407411606,0.535,0.425,1.90725635466423e-09,"Tollip"
"G3bp2",1.48023434577023e-13,0.211212179010517,0.672,0.577,2.23234141685608e-09,"G3bp2"
"Kcna6",1.51397964510727e-13,0.315992107651491,0.518,0.421,2.28323270278627e-09,"Kcna6"
"Prkce",1.68558317604212e-13,0.227156352279871,0.568,0.458,2.54202798778913e-09,"Prkce"
"Spop",2.35120493512984e-13,0.230585527283651,0.721,0.664,3.54585216266931e-09,"Spop"
"Mrps24",2.3798665434118e-13,0.200419637863149,0.699,0.611,3.58907673411933e-09,"Mrps24"
"Sod1",2.55685434337545e-13,0.211640325782713,0.628,0.524,3.85599203524452e-09,"Sod1"
"Unc5d",2.73460617494711e-13,0.206502272018735,0.305,0.201,4.12405957243773e-09,"Unc5d"
"Chd3",2.82710883254368e-13,0.276714303567356,0.76,0.689,4.26356283035913e-09,"Chd3"
"Epb41l1",2.88749828002103e-13,0.210623241709996,0.511,0.403,4.35463615609971e-09,"Epb41l1"
"Ralyl",3.04306921835693e-13,-0.250575166528919,0.441,0.545,4.58925268820408e-09,"Ralyl"
"Sms",3.15883563227981e-13,0.218623365667669,0.544,0.438,4.76384001704119e-09,"Sms"
"Bola2",3.97341531879192e-13,0.203423907408971,0.614,0.498,5.99230764227009e-09,"Bola2"
"Pdxk",4.07255599664527e-13,-0.260201392681741,0.475,0.571,6.14182169854073e-09,"Pdxk"
"Sparcl1",4.09968350036949e-13,0.200988844420811,0.414,0.299,6.18273268690723e-09,"Sparcl1"
"Ctxn2",4.1004197381044e-13,0.369904904062346,0.604,0.552,6.18384300703525e-09,"Ctxn2"
"Fyco1",4.22624887144545e-13,-0.205281770404042,0.187,0.289,6.37360592302689e-09,"Fyco1"
"Cit",4.28537180826664e-13,0.258079472428846,0.76,0.684,6.46276922404692e-09,"Cit"
"Tcp1",4.77095760880212e-13,0.224864354511421,0.476,0.373,7.19508116983448e-09,"Tcp1"
"Slc12a5",4.96446052282368e-13,0.238413052177179,0.791,0.728,7.48690291447039e-09,"Slc12a5"
"Nudc",5.03281333326438e-13,0.219964282525616,0.649,0.551,7.58998578789602e-09,"Nudc"
"Vstm2b",5.17386032434765e-13,-0.21896249081155,0.324,0.437,7.80269875514869e-09,"Vstm2b"
"Nop10",5.95300832790469e-13,0.250842602831808,0.815,0.776,8.97773185931306e-09,"Nop10"
"Kcnq1ot1",6.74874738348244e-13,0.220899317797385,0.808,0.73,1.01777859290299e-08,"Kcnq1ot1"
"Rgs4",6.78190590317606e-13,0.325412143718734,0.4,0.303,1.02277922925798e-08,"Rgs4"
"Cdk14",6.79154542146028e-13,0.215563494985495,0.444,0.337,1.02423296501042e-08,"Cdk14"
"Ntan1",8.46206070243492e-13,0.236121123487758,0.668,0.579,1.27616337453421e-08,"Ntan1"
"Tshz2",9.23553113340276e-13,0.293494948761772,0.59,0.491,1.39281045022847e-08,"Tshz2"
"Eif4h",9.46227221682957e-13,0.220158638176889,0.673,0.574,1.42700527302007e-08,"Eif4h"
"Fam49b",1.18640448390551e-12,0.211597795522527,0.47,0.367,1.7892166021779e-08,"Fam49b"
"Dock3",1.31649628219733e-12,0.224259798306263,0.437,0.332,1.9854080431818e-08,"Dock3"
"Tbca",1.32688879021669e-12,0.215871637593952,0.655,0.568,2.00108098452579e-08,"Tbca"
"Rps29",1.53325321175923e-12,0.286278275773112,0.917,0.913,2.3122991686541e-08,"Rps29"
"Cmas",1.71627494042128e-12,0.204654742923104,0.631,0.531,2.58831423764933e-08,"Cmas"
"H2afj",1.82424123670832e-12,0.209363380607108,0.497,0.39,2.75113820907982e-08,"H2afj"
"Nap1l1",2.08103684939093e-12,0.216916218644812,0.51,0.408,3.13841167256646e-08,"Nap1l1"
"Eif5",2.10307724778024e-12,0.252901786950743,0.735,0.681,3.17165079737738e-08,"Eif5"
"Atox1",2.14248062959221e-12,0.225953180023525,0.704,0.639,3.23107503748801e-08,"Atox1"
"Bmyc",2.31780306259181e-12,0.255759219869762,0.689,0.618,3.49547879869471e-08,"Bmyc"
"Atrnl1",2.37822700306662e-12,0.240287184262371,0.216,0.133,3.58660414332477e-08,"Atrnl1"
"Rps13",2.46854476158087e-12,0.224069861452914,0.9,0.889,3.7228123549401e-08,"Rps13"
"C1qtnf4",2.53896952140034e-12,0.253574322590274,0.535,0.444,3.82901993522385e-08,"C1qtnf4"
"Slc25a4",2.63821892750867e-12,0.239295464541606,0.953,0.938,3.97869796457582e-08,"Slc25a4"
"Csrnp3",3.02021864004148e-12,0.20364030176693,0.456,0.351,4.55479173104655e-08,"Csrnp3"
"Fis1",3.27983144972289e-12,0.22751340968201,0.811,0.768,4.94631380932709e-08,"Fis1"
"Amotl1",3.2908658340096e-12,0.215418076767123,0.277,0.187,4.96295476426987e-08,"Amotl1"
"Cox7a2l",3.36274001063259e-12,0.220254266687835,0.829,0.789,5.07134821003501e-08,"Cox7a2l"
"Sqstm1",3.69698576223684e-12,0.209518784111476,0.506,0.399,5.57542422802937e-08,"Sqstm1"
"Zwint",3.82761223745665e-12,0.22413115356007,0.929,0.906,5.77242201530838e-08,"Zwint"
"Vgf",4.23859995319421e-12,-0.344188067580459,0.164,0.262,6.39223258941218e-08,"Vgf"
"Rab24",5.84304487039838e-12,0.200038993139841,0.596,0.5,8.8118959690478e-08,"Rab24"
"Sh3bgrl3",6.15453370247831e-12,0.207108711114363,0.773,0.714,9.28165227670754e-08,"Sh3bgrl3"
"Gnaq",6.2156466282463e-12,0.232306258016726,0.555,0.467,9.37381668005824e-08,"Gnaq"
"Rap1gds1",7.1289337714162e-12,0.2746150000554,0.551,0.458,1.07511450206728e-07,"Rap1gds1"
"Cst3",7.14137717792732e-12,-0.297452124691992,0.704,0.755,1.07699109220322e-07,"Cst3"
"Rpl5",7.58163828403982e-12,0.208897578083916,0.546,0.452,1.14338686961605e-07,"Rpl5"
"Gm26917",7.60676398732903e-12,0.212419850278293,0.4,0.303,1.14717607692909e-07,"Gm26917"
"Dnajc6",7.69625729849024e-12,0.215393234367337,0.506,0.408,1.16067256318531e-07,"Dnajc6"
"Sirpa",8.3633674771049e-12,0.215413661300355,0.446,0.353,1.26127944922219e-07,"Sirpa"
"Man1a2",1.12395656503587e-11,0.205402258995007,0.402,0.303,1.69503889573059e-07,"Man1a2"
"Rcan2",1.37989457975997e-11,-0.242139481805908,0.614,0.721,2.08101901573601e-07,"Rcan2"
"Bloc1s2",1.40479015110171e-11,0.203000861940497,0.453,0.354,2.11856402687649e-07,"Bloc1s2"
"Canx",1.41309373556212e-11,0.219405275494452,0.69,0.609,2.13108666260123e-07,"Canx"
"Dlg4",1.51169837586293e-11,0.220808100745066,0.621,0.528,2.27979232063888e-07,"Dlg4"
"Hdac11",1.60808240824128e-11,0.224223402610735,0.697,0.624,2.42514907986867e-07,"Hdac11"
"Myl6",1.66494484358099e-11,0.224101106347877,0.635,0.556,2.51090331860449e-07,"Myl6"
"Gabarapl2",1.74022858805868e-11,0.201627272870531,0.733,0.661,2.6244387336513e-07,"Gabarapl2"
"Nefl",2.24874346209725e-11,0.284669459902041,0.636,0.551,3.39133001518887e-07,"Nefl"
"Slc24a3",2.4979884578123e-11,0.272187100212189,0.538,0.444,3.76721639322673e-07,"Slc24a3"
"Ndrg3",2.82006273841881e-11,0.23448226785725,0.699,0.631,4.2529366158094e-07,"Ndrg3"
"Ina",2.9607682327087e-11,0.25259097584839,0.716,0.647,4.46513457174799e-07,"Ina"
"Hs6st2",3.37246417944895e-11,0.232908646418578,0.386,0.287,5.08601322902696e-07,"Hs6st2"
"Kcnb2",3.88400556747655e-11,0.226408616950893,0.228,0.149,5.85746879631139e-07,"Kcnb2"
"Zbtb7a",4.07699138716704e-11,0.202619194026844,0.6,0.513,6.14851071098662e-07,"Zbtb7a"
"Zcchc17",4.81897320520996e-11,0.232150412102535,0.764,0.71,7.26749349077714e-07,"Zcchc17"
"Rabac1",5.6016811278183e-11,0.201910254037305,0.618,0.534,8.44789530886278e-07,"Rabac1"
"Lypd1",5.66822309155482e-11,0.226073241077976,0.259,0.168,8.54824724437382e-07,"Lypd1"
"1810037I17Rik",5.79899347724583e-11,0.231275768882369,0.731,0.665,8.74546206303444e-07,"1810037I17Rik"
"Rps28",6.26224367475522e-11,0.301131749562551,0.806,0.787,9.44408968589835e-07,"Rps28"
"Pcdh10",6.29860667125969e-11,0.206940832685116,0.456,0.357,9.49892872092674e-07,"Pcdh10"
"Cdk5r1",6.65044444409895e-11,0.214452943626555,0.666,0.584,1.00295352661456e-06,"Cdk5r1"
"Arf5",6.95187099254604e-11,0.223605990035708,0.751,0.696,1.04841166438587e-06,"Arf5"
"Luzp1",1.17986533732004e-10,0.266207439755417,0.472,0.384,1.77935491521235e-06,"Luzp1"
"Tef",1.18793589144932e-10,0.230788378065173,0.512,0.43,1.79152611789473e-06,"Tef"
"Nisch",1.22324173654022e-10,0.220753512037796,0.685,0.599,1.8447708628763e-06,"Nisch"
"Capza2",1.2336873217123e-10,0.212260396033718,0.489,0.399,1.86052384987433e-06,"Capza2"
"Plcb4",1.66036263039168e-10,0.350068709769167,0.577,0.518,2.50399288289369e-06,"Plcb4"
"Trappc2l",1.87397607162436e-10,0.216851147797972,0.697,0.639,2.82614331361669e-06,"Trappc2l"
"Mapk1",1.97842850573246e-10,0.213507430731398,0.591,0.514,2.98366802949513e-06,"Mapk1"
"Ntm",2.39902673252372e-10,-0.217359903837313,0.674,0.736,3.61797221531903e-06,"Ntm"
"Rph3a",2.60372430106597e-10,0.231346010753724,0.453,0.362,3.9266766184376e-06,"Rph3a"
"Cnih2",2.83645185523287e-10,0.239293766869477,0.663,0.58,4.27765304287669e-06,"Cnih2"
"Tpt1",2.84296351818725e-10,0.204537445399865,0.798,0.759,4.28747328177819e-06,"Tpt1"
"Cttnbp2",3.15660493788163e-10,0.216303739314497,0.427,0.339,4.76047590681929e-06,"Cttnbp2"
"Cxx1b",3.74749851906438e-10,0.226329801570765,0.625,0.557,5.65160251660098e-06,"Cxx1b"
"Snap47",4.70781016877173e-10,0.208111470933722,0.71,0.641,7.09984851552464e-06,"Snap47"
"Gnao1",8.42163316099422e-10,0.284075049755512,0.735,0.686,1.27006649700954e-05,"Gnao1"
"Hspa8",9.8659710446751e-10,0.215490993756074,0.767,0.712,1.48788709324745e-05,"Hspa8"
"Pianp",9.92093965036051e-10,0.201328060516078,0.499,0.415,1.49617690867087e-05,"Pianp"
"Ube2k",9.97588707784101e-10,0.201786200731672,0.545,0.477,1.5044635302092e-05,"Ube2k"
"Cplx2",2.40413323830285e-09,0.59124365165681,0.689,0.639,3.62567333668453e-05,"Cplx2"
"Dclk1",2.82943050119798e-09,0.23783786318979,0.566,0.485,4.26706413885668e-05,"Dclk1"
"Dnajc5",3.21243285895185e-09,0.206081966066985,0.808,0.761,4.84466999458528e-05,"Dnajc5"
"Syn2",3.59811766282228e-09,0.259704999636938,0.666,0.61,5.42632124730229e-05,"Syn2"
"Rpl39",1.11601986584713e-08,0.21552759009805,0.678,0.613,0.000168306955968406,"Rpl39"
"Stxbp1",1.20293290793908e-08,0.224914392164361,0.896,0.882,0.000181414311846292,"Stxbp1"
"Timm8b",1.24321499217092e-08,0.220767355531107,0.913,0.894,0.000187489252969296,"Timm8b"
"Atpif1",1.33444867441529e-08,0.210578751480867,0.952,0.963,0.00020124820458857,"Atpif1"
"Prkcb",1.34318464155332e-08,0.212879348813108,0.557,0.492,0.000202565675792656,"Prkcb"
"Gpx1",1.51333442617317e-08,0.222435101826061,0.632,0.578,0.000228225964811175,"Gpx1"
"Cfl1",3.27528362419712e-08,0.234573025185603,0.863,0.854,0.000493945523365168,"Cfl1"
"Cadm2",6.11797447914621e-08,0.20701098550476,0.625,0.564,0.00092265173120004,"Cadm2"
"Atp2a2",8.23446839512004e-08,-0.228864211639211,0.74,0.768,0.00124184017866805,"Atp2a2"
"Nos1",8.45370025129236e-08,-0.206228296511271,0.139,0.209,0.0012749025348974,"Nos1"
"Smim10l1",8.55409068407918e-08,0.202922803356164,0.631,0.579,0.00129004241606598,"Smim10l1"
"Diras2",1.19559281582066e-07,-0.210044681409075,0.346,0.417,0.00180307352553913,"Diras2"
"Pcdh17",1.26226696142246e-07,0.221351915065733,0.426,0.353,0.00190362480452121,"Pcdh17"
"Rora",1.97125476743659e-07,0.396137497526049,0.512,0.465,0.00297284931477113,"Rora"
"Fxyd6",3.6127002803401e-06,0.230473512450652,0.388,0.334,0.054483132927809,"Fxyd6"
"Slc1a1",4.62315062777748e-06,0.305711550807107,0.293,0.24,0.0697217346175122,"Slc1a1"
"Calb2",1.05272553053793e-05,0.338662800980054,0.24,0.186,0.158761537260425,"Calb2"
"Ptn",0.000515591106662719,-0.206642655013231,0.469,0.513,1,"Ptn"
"Elmod1",0.00286507882918825,0.295337958494256,0.36,0.339,1,"Elmod1"
"Pvalb",0.46189612306936,-0.350276123669636,0.231,0.23,1,"Pvalb"
"Xist",0.555234919001477,-0.21297646638156,0.256,0.253,1,"Xist"
